id,name,serviceGroup,department,description,tags,unit,price,minPrice,officialWarranty,clinicWarranty,origin,avgTreatmentMinutes,avgTreatmentSessions,archivedAt,createdAt,updatedAt,createdById,updatedById
e7e66d8a-2385-4c1c-9b8d-7120e7dbf439,Khám tư vấn,Khám tư vấn,,,,Lần,200000,,,,,,,,2018-10-20 17:01:55+00,2025-08-26 02:10:28.122+00,cd66e9e7-8f58-4608-830e-41501f42e16f,cd66e9e7-8f58-4608-830e-41501f42e16f
,,,,,,,,,,,,,,,,,,
46da391b-a2dc-42f3-9168-7241fbe9c819,Chụp x-quang tại chỗ,Chụp 2D,Chụp x-quang,,,Phim,100000,,,,,,,,2018-10-20 17:03:16+00,2025-08-26 01:48:54.234+00,cd66e9e7-8f58-4608-830e-41501f42e16f,cd66e9e7-8f58-4608-830e-41501f42e16f
40cd18fd-4a47-4aaf-bdd5-81e219c92205,Chụp Pano,Chụp 2D,Chụp x-quang,,,Phim,200000,,,,,,,,2018-10-20 17:03:20+00,2025-08-26 01:59:21.481+00,cd66e9e7-8f58-4608-830e-41501f42e16f,cd66e9e7-8f58-4608-830e-41501f42e16f
f1efbb0d-d9e9-471d-94ec-f39a0aa448f6,Chụp Cephalo,Chụp 2D,Chụp x-quang,,,Phim,200000,,,,,,,,2018-10-22 17:03:23+00,2025-08-26 01:58:55.591+00,cd66e9e7-8f58-4608-830e-41501f42e16f,cd66e9e7-8f58-4608-830e-41501f42e16f
aac39b72-9746-4719-8428-8fb430d35725,Chụp CTCB 1 hàm,Chụp 3D,Chụp x-quang,,,Phim,300000,,,,,,,,2018-10-20 17:03:19+00,2025-08-26 01:59:31.139+00,cd66e9e7-8f58-4608-830e-41501f42e16f,cd66e9e7-8f58-4608-830e-41501f42e16f
e82aea6e-6aa9-44ab-b79c-ff509950316d,Chụp CTCB 2 hàm,Chụp 3D,Chụp x-quang,,,Phim,500000,,,,,,,,2018-10-20 17:03:17+00,2025-08-26 01:49:11.232+00,cd66e9e7-8f58-4608-830e-41501f42e16f,cd66e9e7-8f58-4608-830e-41501f42e16f
,,,,,,,,,,,,,,,,,,
a6d9937a-cce9-43c8-a104-dc7425fc14b8,Lấy cao răng + đánh bóng,Làm sạch răng và điều trị viêm lợi,Nha chu,,,2 hàm,200000,,,,,,,,2018-10-20 17:02:10+00,2025-08-26 02:08:47.521+00,cd66e9e7-8f58-4608-830e-41501f42e16f,cd66e9e7-8f58-4608-830e-41501f42e16f
a0b92df1-27d3-4263-b7c9-551a6067cff4,Láy cao răng + đánh bóng trẻ em,Làm sạch răng và điều trị viêm lợi,Nha chu,,,2 hàm,150000,,,,,0,1,,2018-10-20 17:02:11+00,2025-09-09 11:13:12.673+00,cd66e9e7-8f58-4608-830e-41501f42e16f,cd66e9e7-8f58-4608-830e-41501f42e16f
af1b936b-da42-4bda-8c10-28b2afd7385e,Đánh bóng 2 hàm,Làm sạch răng và điều trị viêm lợi,Nha chu,,,2 hàm,100000,,,,,,,,2018-10-20 17:02:12+00,2018-10-20 17:02:12+00,cd66e9e7-8f58-4608-830e-41501f42e16f,cd66e9e7-8f58-4608-830e-41501f42e16f
a365fe74-1b8f-488c-8dfb-d78095406573,Điều trị viêm lợi bằng máng,Làm sạch răng và điều trị viêm lợi,Nha chu,,,2 hàm,500000,,,,,,,,2018-10-20 17:02:13+00,2018-10-20 17:02:13+00,cd66e9e7-8f58-4608-830e-41501f42e16f,cd66e9e7-8f58-4608-830e-41501f42e16f
,,,,,,,,,,,,,,,,,,
e79922b8-04ff-4dd4-97ab-f4f7b2a12472,Tẩy trắng răng tại nhà,Tẩy trắng răng,Tổng quát,,,2 hàm,1500000,,,,,,,,2018-10-20 17:00:01+00,2018-10-20 17:00:01+00,cd66e9e7-8f58-4608-830e-41501f42e16f,cd66e9e7-8f58-4608-830e-41501f42e16f
6541a545-18e6-45e4-9439-24736804f343,Tẩy trắng răng tại phòng khám,Tẩy trắng răng,Tổng quát,,,2 hàm,2500000,,,,,,,,2018-10-20 17:00:01+00,2018-10-20 17:00:01+00,cd66e9e7-8f58-4608-830e-41501f42e16f,cd66e9e7-8f58-4608-830e-41501f42e16f
7084b040-b1a5-49a7-8992-0cd57e3ba4dd,Tẩy trắng răng kết hợp,Tẩy trắng răng,Tổng quát,,,2 hàm,3500000,,,,,,,,2018-10-20 17:00:01+00,2018-10-20 17:00:01+00,cd66e9e7-8f58-4608-830e-41501f42e16f,cd66e9e7-8f58-4608-830e-41501f42e16f
c3b2a836-49ad-41e6-84d6-ef102f1aadff,Máng tẩy trắng,Tẩy trắng răng,Tổng quát,,,2 hàm,300000,,,,,,,,2018-10-20 17:00:01+00,2018-10-20 17:00:01+00,cd66e9e7-8f58-4608-830e-41501f42e16f,cd66e9e7-8f58-4608-830e-41501f42e16f
,,,,,,,,,,,,,,,,,,
22f6b0d0-9dc4-4e8b-b778-d5a4359d8eca,Hàn răng sữa,Hàn răng,Tổng quát,,,Răng,100000,,,,,,,,2018-10-20 17:00:20+00,2018-10-20 17:00:20+00,cd66e9e7-8f58-4608-830e-41501f42e16f,cd66e9e7-8f58-4608-830e-41501f42e16f
12250c3f-aca8-4255-949d-d8b4592e5474,Hàn răng Fuji 9,Hàn răng,Tổng quát,,,Răng,200000,,,,,,,,2018-10-20 17:00:21+00,2018-10-20 17:00:21+00,cd66e9e7-8f58-4608-830e-41501f42e16f,cd66e9e7-8f58-4608-830e-41501f42e16f
d9f6beda-c8d9-444e-acce-7822d37985a4,Hàn răng Composite,Hàn răng,Tổng quát,,,Răng,200000,,,,,,,,2018-10-20 17:00:22+00,2018-10-20 17:00:22+00,cd66e9e7-8f58-4608-830e-41501f42e16f,cd66e9e7-8f58-4608-830e-41501f42e16f
abc04d7f-c540-4579-aa43-1125b25c8028,Hàn cổ răng,Hàn răng,Tổng quát,,,Răng,300000,,,,,,,,2018-10-20 17:00:19+00,2018-10-20 17:00:19+00,cd66e9e7-8f58-4608-830e-41501f42e16f,cd66e9e7-8f58-4608-830e-41501f42e16f
94942076-24bf-4e8a-a6c1-397c5ad0e975,Hàn thẩm mỹ,Hàn răng,Tổng quát,,,Răng,300000,,,,,,,,2018-10-20 17:01:36+00,2018-10-20 17:01:36+00,cd66e9e7-8f58-4608-830e-41501f42e16f,cd66e9e7-8f58-4608-830e-41501f42e16f
89b13572-42ef-491c-b5c6-5230e786b8fe,Hàn khe thưa,Hàn răng,Tổng quát,,,Răng,300000,,,,,,,,2018-10-21 17:02:20+00,2018-10-21 17:02:20+00,cd66e9e7-8f58-4608-830e-41501f42e16f,cd66e9e7-8f58-4608-830e-41501f42e16f
0ddc4102-7181-4eef-9404-b9913df42d7a,Đắp khểnh,Hàn răng,Tổng quát,,,Răng,300000,,,,,,,,2018-10-20 17:01:37+00,2018-10-20 17:01:37+00,cd66e9e7-8f58-4608-830e-41501f42e16f,cd66e9e7-8f58-4608-830e-41501f42e16f
2d2744f4-8471-4cc8-8f18-e615dea1ccff,Gắn đá (chưa bao gồm đá),Hàn răng,Tổng quát,,,Răng,300000,,,,,,,,2018-10-20 17:03:32+00,2018-10-20 17:03:32+00,cd66e9e7-8f58-4608-830e-41501f42e16f,cd66e9e7-8f58-4608-830e-41501f42e16f
,,,,,,,,,,,,,,,,,,
db4e3945-2921-4f09-a010-5fc4bde1284c,Điều trị tuỷ răng cửa sữa,Điều trị tuỷ răng sữa,Nội nha,,,Răng,300000,,,,,,,,2018-10-20 17:03:21+00,2025-08-26 01:57:46.349+00,cd66e9e7-8f58-4608-830e-41501f42e16f,cd66e9e7-8f58-4608-830e-41501f42e16f
ad30baf7-2646-4288-9dcd-778429c41fe8,Điều trị tuỷ lại răng cửa sữa,Điều trị tuỷ răng sữa,Nội nha,,,Răng,300000,,,,,,,,2018-10-20 17:03:22+00,2025-08-26 01:58:09.048+00,cd66e9e7-8f58-4608-830e-41501f42e16f,cd66e9e7-8f58-4608-830e-41501f42e16f
486ed077-dd5c-4a00-80ed-7fa7c3287b51,Điều trị tuỷ răng hàm sữa,Điều trị tuỷ răng sữa,Nội nha,,,Răng,450000,,,,,,,,2018-10-20 17:03:23+00,2025-08-26 01:59:10.54+00,cd66e9e7-8f58-4608-830e-41501f42e16f,cd66e9e7-8f58-4608-830e-41501f42e16f
42877e77-bdc7-4cd8-9fd8-85324ba52281,Điều trị tuỷ lại răng hàm sữa,Điều trị tuỷ răng sữa,Nội nha,,,Răng,450009,,,,,,,,2018-10-20 17:03:18+00,2025-08-26 01:59:51.857+00,cd66e9e7-8f58-4608-830e-41501f42e16f,cd66e9e7-8f58-4608-830e-41501f42e16f
,,,,,,,,,,,,,,,,,,
65246c35-3d63-4001-b064-3a88ea7177bf,"Điều trị tuỷ răng cửa, nanh file tay",Điều trị tuỷ răng vĩnh viễn,Nội nha,,,Răng,600000,,,,,,,,2018-10-21 17:03:23+00,2025-08-26 02:19:05.424+00,cd66e9e7-8f58-4608-830e-41501f42e16f,cd66e9e7-8f58-4608-830e-41501f42e16f
2bab1d7f-579b-4aff-bd6f-17b592a9f95a,Điều trị tuỷ răng hàm nhỏ file tay,Điều trị tuỷ răng vĩnh viễn,Nội nha,,,Răng,800000,,,,,,,,2018-10-23 17:03:23+00,2025-08-26 02:19:10.913+00,cd66e9e7-8f58-4608-830e-41501f42e16f,cd66e9e7-8f58-4608-830e-41501f42e16f
a36fdf16-a1f2-4010-a945-65dfbea10b1a,Điều trị tuỷ răng hàm lớn file tay,Điều trị tuỷ răng vĩnh viễn,Nội nha,,,Răng,1000000,,,,,,,,2018-10-24 17:03:23+00,2025-08-26 02:19:20.48+00,cd66e9e7-8f58-4608-830e-41501f42e16f,cd66e9e7-8f58-4608-830e-41501f42e16f
,,,,,,,,,,,,,,,,,,
,,,,,,,,,,,,,,,,,,
0b246565-6051-4b65-b8ae-c9bf0b1587b4,"Điều trị tuỷ lại răng cửa, nanh file máy",Điều trị tuỷ răng vĩnh viễn,Nội nha,,,Răng,1000000,,,,,,,,2018-10-20 17:00:02+00,2025-08-26 02:19:34.669+00,cd66e9e7-8f58-4608-830e-41501f42e16f,cd66e9e7-8f58-4608-830e-41501f42e16f
4381a870-9ce9-45ef-87c2-97a88c7b6319,Điều trị tuỷ lại răng hàm nhỏ file máy,Điều trị tuỷ răng vĩnh viễn,Nội nha,,,Răng,1000000,,,,,,,,2018-10-20 17:00:05+00,2025-08-26 02:19:42.777+00,cd66e9e7-8f58-4608-830e-41501f42e16f,cd66e9e7-8f58-4608-830e-41501f42e16f
b06f9991-b937-41fb-af96-4efba6c072e4,Điều trị tuỷ lại răng hàm lớn file máy,Điều trị tuỷ răng vĩnh viễn,Nội nha,,,Răng,2000000,,,,,,,,2018-10-20 17:00:06+00,2025-08-26 02:19:49.471+00,cd66e9e7-8f58-4608-830e-41501f42e16f,cd66e9e7-8f58-4608-830e-41501f42e16f
,,,,,,,,,,,,,,,,,,
b3b0615e-be96-4321-801e-07f16f611427,Điều trị tủy theo phương pháp mới,Điều trị tuỷ răng vĩnh viễn,Nội nha,,,Răng,500000,,,,,,,,2018-10-20 17:00:04+00,2025-08-26 02:19:58.59+00,cd66e9e7-8f58-4608-830e-41501f42e16f,cd66e9e7-8f58-4608-830e-41501f42e16f
,,,,,,,,,,,,,,,,,,
eca87d38-f37b-4d2b-b83f-0efd3bf5c48a,Cắm chốt kim loại,Cắm chốt nội tuỷ,Nội nha,,,Chốt,500000,,,,,,,,2018-10-20 17:03:05+00,2025-08-24 04:18:33.296+00,cd66e9e7-8f58-4608-830e-41501f42e16f,cd66e9e7-8f58-4608-830e-41501f42e16f
f14a57d2-4e91-4f10-859b-126d9010664a,Cắm chốt thạch anh,Cắm chốt nội tuỷ,Nội nha,,,Chốt,1000000,,,,,,,,2018-10-20 17:03:06+00,2025-08-24 04:18:55.029+00,cd66e9e7-8f58-4608-830e-41501f42e16f,cd66e9e7-8f58-4608-830e-41501f42e16f
de9bd2be-7fa6-4ac9-991c-ebc36a26bba8,Chốt đúc kim loại,Cắm chốt nội tuỷ,Nội nha,,,Chốt,1000000,,,,,,,,2018-10-20 17:03:07+00,2025-08-24 04:19:10.846+00,cd66e9e7-8f58-4608-830e-41501f42e16f,cd66e9e7-8f58-4608-830e-41501f42e16f
,,,,,,,,,,,,,,,,,,
,,,,,,,,,,,,,,,,,,
70c8b315-56f4-4b2f-8fce-de358f56d453,Cắt lợi đơn thuần,Cắt lợi,Nha chu,,,Răng,500000,,,,,,,,2018-10-20 17:03:08+00,2025-08-24 04:19:36.411+00,cd66e9e7-8f58-4608-830e-41501f42e16f,cd66e9e7-8f58-4608-830e-41501f42e16f
21641474-6418-45e1-a550-f54f7d1e409b,Chữa cười hở lợi,Cắt lợi,Nha chu,,,1 Hàm,15000000,,,,,,,,2018-10-20 17:03:09+00,2025-08-24 04:20:04.066+00,cd66e9e7-8f58-4608-830e-41501f42e16f,cd66e9e7-8f58-4608-830e-41501f42e16f
3632fb21-6ce9-4de9-9178-940484290637,Nạo nha chu,,,,,Răng,500000,,,,,,,,2018-10-20 17:00:01+00,2018-10-20 17:00:01+00,cd66e9e7-8f58-4608-830e-41501f42e16f,cd66e9e7-8f58-4608-830e-41501f42e16f
b1a5c922-40d5-4e60-bee1-54815f30e85f,Phẫu thuật làm dài thân răng,,,,,Răng,0,,,,,,,,2018-10-20 17:00:01+00,2018-10-20 17:00:01+00,cd66e9e7-8f58-4608-830e-41501f42e16f,cd66e9e7-8f58-4608-830e-41501f42e16f
39e879f0-7533-4d80-8205-2c0e3c8eeb18,Phẫu thuật làm dài thân răng 1,,,,,Răng,1500000,,,,,,,,2018-10-20 17:03:10+00,2018-10-20 17:03:10+00,cd66e9e7-8f58-4608-830e-41501f42e16f,cd66e9e7-8f58-4608-830e-41501f42e16f
550b35e0-bcd5-4134-aeab-32733b6560b4,Phẫu thuật nạo túi lợi,,,,,Răng,500000,,,,,,,,2018-10-20 17:02:09+00,2018-10-20 17:02:09+00,cd66e9e7-8f58-4608-830e-41501f42e16f,cd66e9e7-8f58-4608-830e-41501f42e16f
,,,,,,,,,,,,,,,,,,
f0733eaa-b440-430d-ad9e-550d5422151d,Nhổ răng sữa bôi tê,Nhổ răng sữa,Tiểu phẫu,,,Răng,10000,,,,,,,,2018-10-20 17:01:06+00,2025-08-26 02:14:05.723+00,cd66e9e7-8f58-4608-830e-41501f42e16f,cd66e9e7-8f58-4608-830e-41501f42e16f
9cd935bf-0c1b-4f40-a339-1e8f7063a90a,Nhổ răng sữa tiêm tê,Nhổ răng sữa,Tiểu phẫu,,,Răng,50000,,,,,,,,2018-10-20 17:01:07+00,2025-08-26 02:13:56.569+00,cd66e9e7-8f58-4608-830e-41501f42e16f,cd66e9e7-8f58-4608-830e-41501f42e16f
3d79df6e-f4cd-477f-a3ef-f0d8741f9900,Nhổ răng lung lay độ 3 - 4,Nhổ răng thường,Tiểu phẫu,,,Răng,200000,,,,,,,,2018-10-20 17:01:08+00,2025-08-26 02:21:25.901+00,cd66e9e7-8f58-4608-830e-41501f42e16f,cd66e9e7-8f58-4608-830e-41501f42e16f
edcc2755-6b6a-45ac-96ee-8a466d1d992e,Nhổ răng lung lay người già > 70 tuổi,Nhổ răng thường,Tiểu phẫu,,,Răng,50000,,,,,,,,2018-10-20 17:01:13+00,2025-08-26 02:11:28.637+00,cd66e9e7-8f58-4608-830e-41501f42e16f,cd66e9e7-8f58-4608-830e-41501f42e16f
,,,,,,,,,,,,,,,,,,
f32f6d68-523a-45c4-9f90-ae30ca021023,"Nhổ răng cửa, răng hàm nhỏ",Nhổ răng thường,Tiểu phẫu,,,Răng,400000,,,,,,,,2018-10-20 17:01:09+00,2025-08-26 02:11:03.572+00,cd66e9e7-8f58-4608-830e-41501f42e16f,cd66e9e7-8f58-4608-830e-41501f42e16f
de29c14e-95fc-497b-97fa-b9bc9b608809,"Nhổ chân răng cửa, nanh, hàm nhỏ",Nhổ răng thường,Tiểu phẫu,,,Răng,500000,,,,,,,,2018-10-20 17:01:10+00,2025-08-26 02:11:21.762+00,cd66e9e7-8f58-4608-830e-41501f42e16f,cd66e9e7-8f58-4608-830e-41501f42e16f
9d1dd387-4727-4908-82b6-d516c9c554ed,Nhổ răng hàm lớn,Nhổ răng thường,Tiểu phẫu,,,Răng,700000,,,,,,,,2018-10-20 17:01:11+00,2025-08-26 02:10:57.832+00,cd66e9e7-8f58-4608-830e-41501f42e16f,cd66e9e7-8f58-4608-830e-41501f42e16f
8ca2d354-110a-4230-921d-4e1c601e3527,Nhổ chân răng hàm lớn,Nhổ răng thường,Tiểu phẫu,,,Răng,800000,,,,,,,,2018-10-20 17:01:12+00,2025-08-26 02:11:09.747+00,cd66e9e7-8f58-4608-830e-41501f42e16f,cd66e9e7-8f58-4608-830e-41501f42e16f
098b0b24-e378-4d94-80e9-fcf75ee62d2b,"Nhổ răng thừa, răng lạc chỗ",Nhổ răng thường,Tiểu phẫu,,,Răng,3000000,,,,,,,,2018-10-27 17:01:30+00,2025-08-26 02:11:15.844+00,cd66e9e7-8f58-4608-830e-41501f42e16f,cd66e9e7-8f58-4608-830e-41501f42e16f
,,,,,,,,,,,,,,,,,,
412fa0dc-5957-47e5-8a94-8fe3316ecc2d,Nhổ răng khôn hàm dưới lung lay độ 3 - 4,Nhổ răng khôn,Tiểu phẫu,,,Răng,300000,,,,,,,,2018-10-20 17:00:28+00,2025-08-26 01:54:28.167+00,cd66e9e7-8f58-4608-830e-41501f42e16f,cd66e9e7-8f58-4608-830e-41501f42e16f
4cbb49f3-d0e3-4700-bbb3-b298b40653d8,Nhổ răng khôn hàm dưới độ 1,Nhổ răng khôn,Tiểu phẫu,,,Răng,1000000,,,,,,,,2018-10-20 17:00:29+00,2025-08-26 01:54:41.21+00,cd66e9e7-8f58-4608-830e-41501f42e16f,cd66e9e7-8f58-4608-830e-41501f42e16f
290be74d-049b-4bcd-9c50-acadfbdfeb6e,Nhổ răng khôn hàm dưới độ 2,Nhổ răng khôn,Tiểu phẫu,,,Răng,1500000,,,,,,,,2018-10-20 17:00:30+00,2025-08-26 01:56:57.071+00,cd66e9e7-8f58-4608-830e-41501f42e16f,cd66e9e7-8f58-4608-830e-41501f42e16f
0db1278c-67fa-4578-ab54-9d87a4bbe18d,Nhổ răng khôn hàm dưới độ 3A,Nhổ răng khôn,Tiểu phẫu,,,Răng,2000000,,,,,,,,2018-10-20 17:00:31+00,2025-08-26 01:55:04.066+00,cd66e9e7-8f58-4608-830e-41501f42e16f,cd66e9e7-8f58-4608-830e-41501f42e16f
1223f23f-60c9-4e0a-a91f-a1d56221bab8,Nhổ răng khôn hàm dưới độ 3B,Nhổ răng khôn,Tiểu phẫu,,,Răng,2500000,,,,,,,,2018-10-20 17:00:32+00,2025-08-26 01:55:17.225+00,cd66e9e7-8f58-4608-830e-41501f42e16f,cd66e9e7-8f58-4608-830e-41501f42e16f
15d92316-911a-4e6d-b475-7fadf0399e94,Nhổ răng khôn hàm dưới độ 4A,Nhổ răng khôn,Tiểu phẫu,,,Răng,3000000,,,,,,,,2018-10-20 17:00:33+00,2025-08-26 01:54:53.781+00,cd66e9e7-8f58-4608-830e-41501f42e16f,cd66e9e7-8f58-4608-830e-41501f42e16f
f0dd7e74-6a12-48db-86df-f5b73e1e6749,Nhổ răng khôn hàm dưới độ 4B,Nhổ răng khôn,Tiểu phẫu,,,Răng,4000000,,,,,,,,2018-10-20 17:00:34+00,2025-08-26 02:21:19.679+00,cd66e9e7-8f58-4608-830e-41501f42e16f,cd66e9e7-8f58-4608-830e-41501f42e16f
d3d43f85-9cca-4e7f-9c9a-de328a66ef59,Nhổ răng khôn hàm dưới độ 5,Nhổ răng khôn,Tiểu phẫu,,,Răng,5000000,,,,,,,,2018-10-20 17:00:36+00,2025-08-26 01:55:28.604+00,cd66e9e7-8f58-4608-830e-41501f42e16f,cd66e9e7-8f58-4608-830e-41501f42e16f
,,,,,,,,,,,,,,,,,,
3cbb4a5e-5937-46b6-bc62-a8f37772f758,Nhổ răng khôn hàm trên lung lay độ 3 - 4,Nhổ răng khôn,Tiểu phẫu,,,Răng,300000,,,,,,,,2018-10-27 17:02:20+00,2025-08-26 01:54:15.399+00,cd66e9e7-8f58-4608-830e-41501f42e16f,cd66e9e7-8f58-4608-830e-41501f42e16f
1339b406-662f-4bce-8c34-9e52df5a4a59,Nhổ răng khôn hàm trên độ 1,Nhổ răng khôn,Tiểu phẫu,,,Răng,1000000,,,,,,,,2018-10-20 17:03:28+00,2025-08-26 01:55:55.062+00,cd66e9e7-8f58-4608-830e-41501f42e16f,cd66e9e7-8f58-4608-830e-41501f42e16f
449affcb-0086-4402-8d53-183ad9efb795,Nhổ răng khôn hàm trên độ 2,Nhổ răng khôn,Tiểu phẫu,,,Răng,1500000,,,,,,,,2018-10-20 17:03:29+00,2025-08-26 01:56:04.678+00,cd66e9e7-8f58-4608-830e-41501f42e16f,cd66e9e7-8f58-4608-830e-41501f42e16f
0b445721-3651-48ae-8cdc-5626e889f02c,Nhổ răng khôn hàm trên độ 3A,Nhổ răng khôn,Tiểu phẫu,,,Răng,2000000,,,,,,,,2018-10-20 17:00:39+00,2025-08-26 01:56:15.126+00,cd66e9e7-8f58-4608-830e-41501f42e16f,cd66e9e7-8f58-4608-830e-41501f42e16f
57d71cfa-9424-4a32-9e89-d1854849dbda,Nhổ răng khôn hàm trên độ 3B,Nhổ răng khôn,Tiểu phẫu,,,Răng,2500000,,,,,,,,2018-10-20 17:00:41+00,2025-08-26 01:56:25.145+00,cd66e9e7-8f58-4608-830e-41501f42e16f,cd66e9e7-8f58-4608-830e-41501f42e16f
efe80559-a82f-47ff-aebc-57b202168588,Nhổ răng khôn hàm trên độ 4A,Nhổ răng khôn,Tiểu phẫu,,,Răng,3000000,,,,,,,,2018-10-20 17:00:25+00,2025-08-26 01:56:34.694+00,cd66e9e7-8f58-4608-830e-41501f42e16f,cd66e9e7-8f58-4608-830e-41501f42e16f
18dcf71e-4d10-4e25-908b-13dbaa4ab278,Nhổ răng khôn hàm trên độ 4B,Nhổ răng khôn,Tiểu phẫu,,,Răng,4000000,,,,,,,,2018-10-20 17:00:26+00,2025-08-26 01:56:46.747+00,cd66e9e7-8f58-4608-830e-41501f42e16f,cd66e9e7-8f58-4608-830e-41501f42e16f
b52cc53b-5130-4a42-ac9a-e6ca61bacb98,Nhổ răng khôn hàm trên độ 5,Nhổ răng khôn,Tiểu phẫu,,,Răng,5000000,,,,,,,,2018-10-20 17:00:27+00,2025-08-26 01:55:40.555+00,cd66e9e7-8f58-4608-830e-41501f42e16f,cd66e9e7-8f58-4608-830e-41501f42e16f
,,,,,,,,,,,,,,,,,,
8f68de09-879e-4b7c-b583-381a5a65bf53,Ghép huyết tương giàu tiểu cầu PRF,Nhổ răng khôn,Tiểu phẫu,,,Răng,500000,,,,,,,,2018-10-20 17:00:38+00,2018-10-20 17:00:38+00,cd66e9e7-8f58-4608-830e-41501f42e16f,cd66e9e7-8f58-4608-830e-41501f42e16f
ae0a846f-e47b-44ef-860a-5a1b71b18e8c,Nhổ răng bằng máy piezotome,Nhổ răng khôn,Tiểu phẫu,,,Răng,1000000,,,,,,,,2018-10-20 17:00:37+00,2025-08-26 02:23:52.298+00,cd66e9e7-8f58-4608-830e-41501f42e16f,cd66e9e7-8f58-4608-830e-41501f42e16f
4f6baa04-50d8-44b0-823f-4bb37c17bb5c,Cắt phanh lưỡi,Cắt phanh,Tiểu phẫu,,,Phanh,3000000,,,,,,,,2018-10-20 17:02:58+00,2025-08-26 01:46:19.433+00,cd66e9e7-8f58-4608-830e-41501f42e16f,cd66e9e7-8f58-4608-830e-41501f42e16f
1c0946fe-87d9-48e9-a8a3-88834c665518,Cắt phanh môi,Cắt phanh,Tiểu phẫu,,,Phanh,2000000,,,,,,,,2018-10-20 17:03:25+00,2025-08-26 01:45:59.411+00,cd66e9e7-8f58-4608-830e-41501f42e16f,cd66e9e7-8f58-4608-830e-41501f42e16f
19c1805f-0cdd-4833-90f0-17663ac92400,Nhổ chân răng,,Tiểu phẫu,,,Răng,0,,,,,,,,2018-10-20 17:00:01+00,2025-08-26 02:23:20.752+00,cd66e9e7-8f58-4608-830e-41501f42e16f,cd66e9e7-8f58-4608-830e-41501f42e16f
,,,,,,,,,,,,,,,,,,
c7225304-23e8-46e2-b33a-91db24a69bd3,Răng sứ kim loại,,Răng sứ,,,Răng,1500000,,,,,,,,2018-10-20 17:01:17+00,2025-08-26 02:12:35.434+00,cd66e9e7-8f58-4608-830e-41501f42e16f,cd66e9e7-8f58-4608-830e-41501f42e16f
e4b08dc4-9e3f-4dba-a9d3-3c2a7c997e10,Răng sứ Titan,,Răng sứ,,,Răng,2500000,,,,,,,,2018-10-20 17:01:16+00,2025-08-26 02:11:55.106+00,cd66e9e7-8f58-4608-830e-41501f42e16f,cd66e9e7-8f58-4608-830e-41501f42e16f
,,,,,,,,,,,,,,,,,,
afc62a7e-51a7-4393-8659-0725e27bc4e9,Răng sứ Zirconia,Răng toàn sứ,Răng sứ,,,Răng,4000000,,,,,,,,2018-10-21 17:01:30+00,2025-08-26 02:12:28.544+00,cd66e9e7-8f58-4608-830e-41501f42e16f,cd66e9e7-8f58-4608-830e-41501f42e16f
0ea7a916-7af3-4438-9cb9-d9a6a5e4b770,Răng sứ Katana,Răng toàn sứ,Răng sứ,,,Răng,5000000,,,,,,,,2018-10-23 17:01:30+00,2025-08-26 02:12:48.495+00,cd66e9e7-8f58-4608-830e-41501f42e16f,cd66e9e7-8f58-4608-830e-41501f42e16f
77c3ccc8-7f67-43db-8b83-bd6507db2874,Răng sứ Roland,Răng toàn sứ,Răng sứ,,,Răng,6000000,,,,,,,,2018-10-24 17:01:30+00,2025-08-26 02:12:40.589+00,cd66e9e7-8f58-4608-830e-41501f42e16f,cd66e9e7-8f58-4608-830e-41501f42e16f
04a1d235-749f-48d7-9b85-15e510438cf0,Răng sứ Zirconia HT,Răng toàn sứ,Răng sứ,,,Răng,6000000,,,,,,,,2018-10-25 17:01:30+00,2025-08-26 02:12:59.205+00,cd66e9e7-8f58-4608-830e-41501f42e16f,cd66e9e7-8f58-4608-830e-41501f42e16f
8ab1840d-f93b-4e20-bd04-3dbb6b9f5a76,Răng sứ Venus,Răng toàn sứ,Răng sứ,,,Răng,5000000,,,,,,,,2018-10-26 17:01:30+00,2025-08-26 02:12:53.525+00,cd66e9e7-8f58-4608-830e-41501f42e16f,cd66e9e7-8f58-4608-830e-41501f42e16f
156fcf3c-b4cc-421f-b037-6a845e96470b,Răng sứ DD Bio,Răng toàn sứ,Răng sứ,,,Răng,6600000,,,,,,,,2018-10-20 17:00:01+00,2025-08-26 02:22:53.021+00,cd66e9e7-8f58-4608-830e-41501f42e16f,cd66e9e7-8f58-4608-830e-41501f42e16f
2131e46a-750f-4fb5-9347-0d6495e11042,Răng sứ Ceramill,Răng toàn sứ,Răng sứ,,,Răng,6000000,,,,,,,,2018-10-25 17:01:30+00,2025-08-26 02:13:05.102+00,cd66e9e7-8f58-4608-830e-41501f42e16f,cd66e9e7-8f58-4608-830e-41501f42e16f
e763bb65-f545-44dd-9056-4096127ec577,Răng sứ Cercon,Răng toàn sứ,Răng sứ,,,Răng,6000000,,,,,,,,2018-10-26 17:01:30+00,2025-08-26 02:13:10.599+00,cd66e9e7-8f58-4608-830e-41501f42e16f,cd66e9e7-8f58-4608-830e-41501f42e16f
14db21de-dfb6-47fd-a3d8-2cc665f6f701,Răng sứ Cercon HT,Răng toàn sứ,Răng sứ,,,Răng,7000000,,,,,,,,2018-10-27 17:01:30+00,2025-08-26 02:13:21.47+00,cd66e9e7-8f58-4608-830e-41501f42e16f,cd66e9e7-8f58-4608-830e-41501f42e16f
16382151-7bd7-4990-b0b8-5f55502d2aee,Răng sứ Nacera,Răng toàn sứ,Răng sứ,,,Răng,9000000,,,,,,,,2018-10-20 17:01:19+00,2025-08-26 02:13:15.954+00,cd66e9e7-8f58-4608-830e-41501f42e16f,cd66e9e7-8f58-4608-830e-41501f42e16f
ca7b8299-8e62-4849-ad44-462d0fca922a,Răng sứ HT Smile,Răng toàn sứ,Răng sứ,,,Răng,8000000,,,,,,,,2018-10-20 17:01:20+00,2025-08-26 02:13:26.813+00,cd66e9e7-8f58-4608-830e-41501f42e16f,cd66e9e7-8f58-4608-830e-41501f42e16f
1bd835b7-06b1-4f6f-b142-c0ea4ba24471,Răng sứ Lava Plus,Răng toàn sứ,Răng sứ,,,Răng,10000000,,,,,,,,2018-10-20 17:01:21+00,2025-08-26 02:13:31.841+00,cd66e9e7-8f58-4608-830e-41501f42e16f,cd66e9e7-8f58-4608-830e-41501f42e16f
9c4edf30-0232-453e-8295-f8032ed31f58,Răng sứ Orodent HT,Răng toàn sứ,Răng sứ,,,Răng,10000000,,,,,,,,2018-10-20 17:00:01+00,2025-08-26 02:02:54.585+00,cd66e9e7-8f58-4608-830e-41501f42e16f,cd66e9e7-8f58-4608-830e-41501f42e16f
eac35a95-4766-43ff-bf59-1ffffecb7fd8,Răng sứ Orodent Bleach,Răng toàn sứ,Răng sứ,,,Răng,12000000,,,,,,,,2018-10-20 17:00:01+00,2025-08-26 02:24:24.784+00,cd66e9e7-8f58-4608-830e-41501f42e16f,cd66e9e7-8f58-4608-830e-41501f42e16f
,,,,,,,,,,,,,,,,,,
094d7832-4873-4ccb-b00d-17de65246c49,Răng sứ Emax CAD,Răng toàn sứ,Răng sứ,,,Răng,6000000,,,,,,,,2018-10-20 17:01:23+00,2025-08-26 02:13:37.084+00,cd66e9e7-8f58-4608-830e-41501f42e16f,cd66e9e7-8f58-4608-830e-41501f42e16f
20ff2389-8303-4895-9740-9f7503f2b1ed,Răng sứ Emax Press,Răng toàn sứ,Răng sứ,,,Răng,8000000,,,,,,,,2018-10-20 17:00:01+00,2025-08-26 02:22:06.911+00,cd66e9e7-8f58-4608-830e-41501f42e16f,cd66e9e7-8f58-4608-830e-41501f42e16f
afa49de5-7f99-4081-b3d5-711d9dd84591,Răng sứ Lisi,Răng toàn sứ,Răng sứ,,,Răng,10000000,,,,,,,,2018-10-20 17:01:24+00,2025-08-26 02:13:42.95+00,cd66e9e7-8f58-4608-830e-41501f42e16f,cd66e9e7-8f58-4608-830e-41501f42e16f
bd84d17b-1ddc-491c-bb2c-0e2e7e1f9bd4,Răng sứ Ceramay,Răng toàn sứ,Răng sứ,,,Răng,14000000,,,,,,,,2018-10-20 17:01:25+00,2025-08-26 02:13:49.547+00,cd66e9e7-8f58-4608-830e-41501f42e16f,cd66e9e7-8f58-4608-830e-41501f42e16f
f844b3a0-7ef7-405e-9c1e-0efb60e204e3,Răng sứ feldspathic (siêu mỏng),Răng toàn sứ,Răng sứ,,,Răng,15000000,,,,,,,,2018-10-20 17:01:26+00,2018-10-20 17:01:26+00,cd66e9e7-8f58-4608-830e-41501f42e16f,cd66e9e7-8f58-4608-830e-41501f42e16f
,,,,,,,,,,,,,,,,,,
ebd03544-7e13-4f0e-a24f-b849a5900a28,Inlay / Onlay / Overlay Composite,,Răng sứ,,,Răng,2000000,,,,,,,,2018-10-20 17:03:24+00,2018-10-20 17:03:24+00,cd66e9e7-8f58-4608-830e-41501f42e16f,cd66e9e7-8f58-4608-830e-41501f42e16f
44857189-e112-4ef4-8e99-175d0f4cf652,Inlay / Onlay / Overlay sứ Emax Press,,Răng sứ,,,Răng,5000000,,,,,,,,2018-10-20 17:02:21+00,2018-10-20 17:02:21+00,cd66e9e7-8f58-4608-830e-41501f42e16f,cd66e9e7-8f58-4608-830e-41501f42e16f
2a840674-dbca-44e8-a5cb-85bce879e1de,Inlay / Onlay / Overlay sứ Ceramay,,Răng sứ,,,Răng,7500000,,,,,,,,2018-10-20 17:00:01+00,2018-10-20 17:00:01+00,cd66e9e7-8f58-4608-830e-41501f42e16f,cd66e9e7-8f58-4608-830e-41501f42e16f
,,,,,,,,,,,,,,,,,,
6974f2b1-900e-47b0-b0f7-88daaae128d3,Răng sứ Phonic,Răng toàn sứ,Răng sứ,,,Răng,0,,,,,,,,2018-10-20 17:01:27+00,2018-10-20 17:01:27+00,cd66e9e7-8f58-4608-830e-41501f42e16f,cd66e9e7-8f58-4608-830e-41501f42e16f
8050e5ed-8819-4916-bf37-594e6ca69073,Răng sứ Vita Enamic,Răng toàn sứ,Răng sứ,,,Răng,0,,,,,,,,2018-10-20 17:01:28+00,2025-08-26 02:14:16.122+00,cd66e9e7-8f58-4608-830e-41501f42e16f,cd66e9e7-8f58-4608-830e-41501f42e16f
e4189d7c-1ceb-46e4-a251-8bbca59f0adb,Răng sứ Miyo Ceramic,Răng toàn sứ,Răng sứ,,,Răng,0,,,,,,,,2018-10-20 17:01:29+00,2025-08-26 02:14:21.571+00,cd66e9e7-8f58-4608-830e-41501f42e16f,cd66e9e7-8f58-4608-830e-41501f42e16f
e2170fd6-fa78-41f4-9a04-0439505d88d9,Răng sứ BruxZir Esthetic,Răng toàn sứ,Răng sứ,,,Răng,0,,,,,,,,2018-10-20 17:01:30+00,2025-08-26 02:14:27.705+00,cd66e9e7-8f58-4608-830e-41501f42e16f,cd66e9e7-8f58-4608-830e-41501f42e16f
a72d3bb9-f4bb-4ab4-bfc3-6171e3b929bf,Răng sứ Cerec,Răng toàn sứ,Răng sứ,,,Răng,0,,,,,,,,2018-10-20 17:00:11+00,2025-08-26 02:14:33.421+00,cd66e9e7-8f58-4608-830e-41501f42e16f,cd66e9e7-8f58-4608-830e-41501f42e16f
5ca58c70-5167-4a79-a197-0e0822760128,Răng sứ Cera Pearl,Răng toàn sứ,Răng sứ,,,Răng,0,,,,,,,,2018-10-20 17:00:12+00,2025-08-26 02:14:39.044+00,cd66e9e7-8f58-4608-830e-41501f42e16f,cd66e9e7-8f58-4608-830e-41501f42e16f
1e0d63b2-33fe-4745-9c38-a3ea7baef919,Răng sứ Vita Blocs,Răng toàn sứ,Răng sứ,,,Răng,0,,,,,,,,2018-10-20 17:00:14+00,2025-08-26 02:14:46.401+00,cd66e9e7-8f58-4608-830e-41501f42e16f,cd66e9e7-8f58-4608-830e-41501f42e16f
e577eedb-b7ec-492c-a19d-f635755d5e94,Răng sứ Zircera,Răng toàn sứ,Răng sứ,,,Răng,8000000,,,,,,,,2018-10-20 17:00:01+00,2025-08-26 02:14:53.057+00,cd66e9e7-8f58-4608-830e-41501f42e16f,cd66e9e7-8f58-4608-830e-41501f42e16f
,,,,,,,,,,,,,,,,,,
96731b3b-ea8c-426d-8f4e-ebf3fcd06976,Răng composite,,Răng sứ,,,Răng,300000,,,,,,,,2018-10-20 17:00:01+00,2018-10-20 17:00:01+00,cd66e9e7-8f58-4608-830e-41501f42e16f,cd66e9e7-8f58-4608-830e-41501f42e16f
a0c79fad-1760-446b-8403-02a19746ddb8,Răng sứ thẩm mỹ,,Răng sứ,,,Răng,0,,,,,,,,2018-10-20 17:00:13+00,2018-10-20 17:00:13+00,cd66e9e7-8f58-4608-830e-41501f42e16f,cd66e9e7-8f58-4608-830e-41501f42e16f
,,,,,,,,,,,,,,,,,,
92ef9bb5-788e-4420-9fe4-0f725d1d0784,PHTL bán hàm hàm khung,,Hàm tháo lắp,,,1 Hàm,0,,,,,,,,2018-10-20 17:00:01+00,2018-10-20 17:00:01+00,cd66e9e7-8f58-4608-830e-41501f42e16f,cd66e9e7-8f58-4608-830e-41501f42e16f
acaecf7e-503a-4683-acc4-c6807ba1452d,PHTL bán hàm hàm nhựa cứng,,Hàm tháo lắp,,,1 Hàm,1000000,,,,,,,,2018-10-20 17:00:01+00,2018-10-20 17:00:01+00,cd66e9e7-8f58-4608-830e-41501f42e16f,cd66e9e7-8f58-4608-830e-41501f42e16f
339a5747-481c-47e1-b71a-d8c0071e45df,PHTL bán hàm hàm nhựa dẻo,,Hàm tháo lắp,,,1 Hàm,1000000,,,,,,,,2018-10-20 17:00:01+00,2018-10-20 17:00:01+00,cd66e9e7-8f58-4608-830e-41501f42e16f,cd66e9e7-8f58-4608-830e-41501f42e16f
4c62d3c8-7e8a-4aab-a45f-7e7da28504bc,PHTL toàn hàm nhựa cứng,,Hàm tháo lắp,,,1 Hàm,10000000,,,,,,,,2018-10-20 17:00:01+00,2018-10-20 17:00:01+00,cd66e9e7-8f58-4608-830e-41501f42e16f,cd66e9e7-8f58-4608-830e-41501f42e16f
0da564ab-1548-4208-8efa-fe3ca5221a14,PHTL toàn hàm nhựa cường lực có lưới,,Hàm tháo lắp,,,1 Hàm,12000000,,,,,,,,2018-10-20 17:00:01+00,2018-10-20 17:00:01+00,cd66e9e7-8f58-4608-830e-41501f42e16f,cd66e9e7-8f58-4608-830e-41501f42e16f
2b8b10ff-1bf2-4925-af7b-95d4fe011375,Phục hình tháo lắp,,Hàm tháo lắp,,,1 Hàm,1000000,,,,,,,,2018-10-20 17:00:01+00,2018-10-20 17:00:01+00,cd66e9e7-8f58-4608-830e-41501f42e16f,cd66e9e7-8f58-4608-830e-41501f42e16f
5783ee1e-b0db-4470-aaeb-b53055b0cb81,Hàm nhựa tạm tháo lắp thường,,,,,1 Hàm,5000000,,,,,,,,2018-10-20 17:00:01+00,2018-10-20 17:00:01+00,cd66e9e7-8f58-4608-830e-41501f42e16f,cd66e9e7-8f58-4608-830e-41501f42e16f
,,,,,,,,,,,,,,,,,,
1ba660dc-11de-4159-aa1b-9107e85083fe,Implant Biotech,Implant Hàn Quốc,Implant,,,Răng,10000000,,,,,,,,2018-10-20 17:00:01+00,2025-08-26 02:01:19.336+00,cd66e9e7-8f58-4608-830e-41501f42e16f,cd66e9e7-8f58-4608-830e-41501f42e16f
251b0c20-d958-42d0-b47d-f9a1d97a6f0e,Implant Hàn Quốc Biotech,Implant Hàn Quốc,Implant,,,Răng,10000000,,,,,,,,2018-10-20 17:00:01+00,2025-08-26 02:02:34.6+00,cd66e9e7-8f58-4608-830e-41501f42e16f,cd66e9e7-8f58-4608-830e-41501f42e16f
6b6ebb90-4d32-4d58-af6e-7063e4a8a595,Implant Hàn Quốc Yes Biotec V4*,Implant Hàn Quốc,Implant,,,Răng,10000000,,,,,,,,2018-10-20 17:01:39+00,2025-08-26 02:04:04.556+00,cd66e9e7-8f58-4608-830e-41501f42e16f,cd66e9e7-8f58-4608-830e-41501f42e16f
85d172f8-01b9-48dd-ae77-37f0f51dcbb1,Implant Hàn Quốc Yes,Implant Hàn Quốc,Implant,,,Răng,10000000,,,,,,,,2018-10-20 17:01:38+00,2025-08-26 02:03:54.567+00,cd66e9e7-8f58-4608-830e-41501f42e16f,cd66e9e7-8f58-4608-830e-41501f42e16f
8c8c62ac-0305-44aa-b5c9-0a518cf916a4,Implant Hàn Quốc Biotem,Implant Hàn Quốc,Implant,,,Răng,13000000,,,,,,,,2018-10-20 17:01:40+00,2025-08-26 02:04:11.965+00,cd66e9e7-8f58-4608-830e-41501f42e16f,cd66e9e7-8f58-4608-830e-41501f42e16f
a980a4f9-e285-4d78-9c09-47b4547b8862,Implant Hàn Quốc Dio,Implant Hàn Quốc,Implant,,,Răng,14000000,,,,,,,,2018-10-20 17:01:42+00,2025-08-26 02:04:30.071+00,cd66e9e7-8f58-4608-830e-41501f42e16f,cd66e9e7-8f58-4608-830e-41501f42e16f
ba18765f-15f9-4e26-b790-be95b38a9e48,Implant Hàn Quốc Neo Biotech,Implant Hàn Quốc,Implant,,,Răng,14000000,,,,,,,,2018-10-20 17:01:41+00,2025-08-26 02:04:20.268+00,cd66e9e7-8f58-4608-830e-41501f42e16f,cd66e9e7-8f58-4608-830e-41501f42e16f
a0967ac4-496a-4ee7-ad81-01ae4409aa51,Implant Hàn Quốc Megagen,Implant Hàn Quốc,Implant,,,Răng,15000000,,,,,,,,2018-10-20 17:01:44+00,2025-08-26 02:04:37.743+00,cd66e9e7-8f58-4608-830e-41501f42e16f,cd66e9e7-8f58-4608-830e-41501f42e16f
7b44e2fb-e338-476e-86ce-f5c11b884178,Implant Hàn Quốc Dentium,Implant Hàn Quốc,Implant,,,Răng,16000000,,,,,,,,2018-10-20 17:01:43+00,2025-08-26 02:04:44.494+00,cd66e9e7-8f58-4608-830e-41501f42e16f,cd66e9e7-8f58-4608-830e-41501f42e16f
5a7fc8b3-7f1a-488a-bbb8-df8fa796e4e6,Implant Hàn Quốc Osstem,Implant Hàn Quốc,Implant,,,Răng,16000000,,,,,,,,2018-10-20 17:01:45+00,2025-08-26 02:04:51.509+00,cd66e9e7-8f58-4608-830e-41501f42e16f,cd66e9e7-8f58-4608-830e-41501f42e16f
,,,,,,,,,,,,,,,,,,
5c91ecd4-f6c8-4774-8558-0588cffd53ba,Implant Mỹ Dentium,Implant Mỹ,Implant,,,Răng,24000000,,,,,,,,2018-10-20 17:01:46+00,2025-08-26 02:04:59.733+00,cd66e9e7-8f58-4608-830e-41501f42e16f,cd66e9e7-8f58-4608-830e-41501f42e16f
8bcf9612-76c7-4b02-9295-ba38250586ee,Implant Mỹ Hiossen,Implant Mỹ,Implant,,,Răng,24000000,,,,,,,,2018-10-20 17:01:47+00,2025-08-24 04:14:59.258+00,cd66e9e7-8f58-4608-830e-41501f42e16f,cd66e9e7-8f58-4608-830e-41501f42e16f
,,,,,,,,,,,,,,,,,,
62906ead-ac62-49a8-8a06-1b44bbeadcfd,Implant Pháp Brat,Implant Pháp,Implant,,,Răng,22000000,,,,,,,,2018-10-20 17:01:48+00,2025-08-26 02:05:07.433+00,cd66e9e7-8f58-4608-830e-41501f42e16f,cd66e9e7-8f58-4608-830e-41501f42e16f
15bfb2da-d863-408a-b7da-182b17e82f9b,Implant Pháp Tekka,Implant Pháp,Implant,,,Răng,26000000,,,,,,,,2018-10-20 17:01:49+00,2025-08-26 02:05:16.375+00,cd66e9e7-8f58-4608-830e-41501f42e16f,cd66e9e7-8f58-4608-830e-41501f42e16f
,,,,,,,,,,,,,,,,,,
cef1ed8f-5941-4462-bb92-7204e919a051,Implant Thuỵ Sĩ NTA,Implant Thuỵ Sỹ,Implant,,,Răng,24000000,,,,,,,,2018-10-20 17:01:54+00,2025-08-26 02:05:50.654+00,cd66e9e7-8f58-4608-830e-41501f42e16f,cd66e9e7-8f58-4608-830e-41501f42e16f
3ea4c4b0-e19a-4c47-b9df-1a3653897c34,Implant Thuỵ Sĩ Neodent,Implant Thuỵ Sỹ,Implant,,,Răng,26000000,,,,,,,,2018-10-20 17:01:50+00,2025-08-26 02:05:43.331+00,cd66e9e7-8f58-4608-830e-41501f42e16f,cd66e9e7-8f58-4608-830e-41501f42e16f
fd2571a1-90af-4516-8e6b-ef20a7674372,Implant Thuỵ Sĩ SIC,Implant Thuỵ Sỹ,Implant,,,Răng,28000000,,,,,,,,2018-10-20 17:01:51+00,2025-08-26 02:05:25.224+00,cd66e9e7-8f58-4608-830e-41501f42e16f,cd66e9e7-8f58-4608-830e-41501f42e16f
a4a2ba8a-32c6-4521-a239-98b47e974083,Implant Thuỵ Sĩ Straumman,Implant Thuỵ Sỹ,Implant,,,Răng,40000000,,,,,,,,2018-10-20 17:01:52+00,2025-08-26 02:05:59.017+00,cd66e9e7-8f58-4608-830e-41501f42e16f,cd66e9e7-8f58-4608-830e-41501f42e16f
e6617a1d-5fd9-45c7-9dc3-ccea8e729b8f,Implant Thuỵ Sĩ Straumman Active,Implant Thuỵ Sỹ,Implant,,,Răng,46000000,,,,,,,,2018-10-20 17:01:53+00,2025-08-26 02:06:09.919+00,cd66e9e7-8f58-4608-830e-41501f42e16f,cd66e9e7-8f58-4608-830e-41501f42e16f
,,,,,,,,,,,,,,,,,,
45f8e309-a759-4bf9-931b-c22652c16f58,Nâng xoang kín độ 1,Nâng xoang kín,Implant,,,Răng,3000000,,,,,,,,2018-10-20 17:02:20+00,2025-08-26 02:09:49.348+00,cd66e9e7-8f58-4608-830e-41501f42e16f,cd66e9e7-8f58-4608-830e-41501f42e16f
a2f321bf-dfe3-46ea-aac2-2645c37d268e,Nâng xoang kín độ 2,Nâng xoang kín,Implant,,,Răng,6000000,,,,,,,,2018-10-25 17:02:20+00,2025-08-26 02:10:06.658+00,cd66e9e7-8f58-4608-830e-41501f42e16f,cd66e9e7-8f58-4608-830e-41501f42e16f
da74555f-d6ca-4aea-b83a-0132aa769ac7,Nâng xoang hở,Nâng xoang hở,Implant,,,Răng,10000000,,,,,,,,2018-10-20 17:02:19+00,2025-08-26 02:09:37.553+00,cd66e9e7-8f58-4608-830e-41501f42e16f,cd66e9e7-8f58-4608-830e-41501f42e16f
,,,,,,,,,,,,,,,,,,
53221468-7966-4a14-863c-0ed230e7308d,Màng tế bào gốc,,,,,Răng,1000000,,,,,,,,2018-10-23 17:01:34+00,2018-10-23 17:01:34+00,cd66e9e7-8f58-4608-830e-41501f42e16f,cd66e9e7-8f58-4608-830e-41501f42e16f
56683878-b583-4942-ab37-0eb45b349ad1,Ghép lợi tự do,,,,,Răng,3000000,,,,,,,,2018-10-20 17:01:33+00,2018-10-20 17:01:33+00,cd66e9e7-8f58-4608-830e-41501f42e16f,cd66e9e7-8f58-4608-830e-41501f42e16f
ed1050f4-1d67-46cb-bdec-f2760e903c5f,Ghép mô liên kết,,,,,Răng,2000000,,,,,,,,2018-10-20 17:01:32+00,2018-10-20 17:01:32+00,cd66e9e7-8f58-4608-830e-41501f42e16f,cd66e9e7-8f58-4608-830e-41501f42e16f
,,,,,,,,,,,,,,,,,,
073f8660-a127-47fa-917d-990cf41405e8,Ghép / tạo hình xương (độ 1),,Implant,,,Răng,2000000,,,,,,,,2018-10-20 17:00:01+00,2025-08-26 02:21:33.336+00,cd66e9e7-8f58-4608-830e-41501f42e16f,cd66e9e7-8f58-4608-830e-41501f42e16f
c000c1ad-3bd0-4859-8639-0060435a737c,Ghép xương bột tổng hợp (độ 2),,Implant,,,Răng,4000000,,,,,,,,2018-10-20 17:01:34+00,2025-08-26 02:20:11.704+00,cd66e9e7-8f58-4608-830e-41501f42e16f,cd66e9e7-8f58-4608-830e-41501f42e16f
f6f6acb9-5ebe-4d9d-ba48-9999285e5164,Ghép xương bột hỗn hợp + màng (độ 3),,Implant,,,Răng,8000000,,,,,,,,2018-10-21 17:01:34+00,2025-08-26 02:20:17.385+00,cd66e9e7-8f58-4608-830e-41501f42e16f,cd66e9e7-8f58-4608-830e-41501f42e16f
cc94e1d8-8431-46b3-8447-158b1a6fab4d,Ghép xương block / màng titan (độ 4),,Implant,,,Răng,12000000,,,,,,,,2018-10-22 17:01:34+00,2025-08-26 02:20:22.472+00,cd66e9e7-8f58-4608-830e-41501f42e16f,cd66e9e7-8f58-4608-830e-41501f42e16f
,,,,,,,,,,,,,,,,,,
55fc0b02-d9d0-4540-9132-1bfe2f8e4bbc,Hàm tạm/Implant,,Implant,,,1 Hàm,0,,,,,,,,2018-10-20 17:00:01+00,2025-08-26 02:22:35.909+00,cd66e9e7-8f58-4608-830e-41501f42e16f,cd66e9e7-8f58-4608-830e-41501f42e16f
e3a3282e-bd6a-48a8-b0db-f01ba51dca51,Hàm acrylic,Hàm / Implant,Implant,,,1 Hàm,18000000,,,,,,,,2018-10-24 17:01:34+00,2025-08-26 02:20:31.091+00,cd66e9e7-8f58-4608-830e-41501f42e16f,cd66e9e7-8f58-4608-830e-41501f42e16f
10160e8a-c186-4d19-932d-9562f9e0abf6,Hàm răng sứ HT Smile,,Implant,,,1 Hàm,96000000,,,,,,,,2018-10-20 17:00:17+00,2025-08-26 02:20:57.149+00,cd66e9e7-8f58-4608-830e-41501f42e16f,cd66e9e7-8f58-4608-830e-41501f42e16f
815de817-5438-4c36-b639-eea8e7925bb8,Hàm răng sứ Lava,,Implant,,,1 Hàm,144000000,,,,,,,,2018-10-20 17:00:18+00,2025-08-26 02:20:51.336+00,cd66e9e7-8f58-4608-830e-41501f42e16f,cd66e9e7-8f58-4608-830e-41501f42e16f
2c4229b0-7f5e-4aa8-b118-25f22bb69314,Hàm răng sứ Roland CAD-CAM/IPL,,Implant,,,1 Hàm,72000000,,,,,,,,2018-10-20 17:00:16+00,2025-08-26 02:20:45.176+00,cd66e9e7-8f58-4608-830e-41501f42e16f,cd66e9e7-8f58-4608-830e-41501f42e16f
91dfba8f-0e87-45b8-a980-41530d8a4e5c,Hàm răng sứ titan,,Implant,,,1 Hàm,30000000,,,,,,,,2018-10-20 17:00:15+00,2025-08-26 02:21:04.454+00,cd66e9e7-8f58-4608-830e-41501f42e16f,cd66e9e7-8f58-4608-830e-41501f42e16f
cd69e8cc-4f03-4920-bc28-5d39673cb6b2,Hàm sứ titan CAD-CAM/IPL,,Implant,,,1 Hàm,43000000,,,,,,,,2018-10-20 17:00:01+00,2025-08-26 02:23:06.796+00,cd66e9e7-8f58-4608-830e-41501f42e16f,cd66e9e7-8f58-4608-830e-41501f42e16f
,,,,,,,,,,,,,,,,,,
daaf3419-1f8e-45ad-8bf7-6aca2fb278ae,Răng sứ kim loại / IPL,Răng / Implant,Implant,,,Răng,1500000,,,,,,,,2018-10-20 17:01:14+00,2025-08-26 02:11:42.56+00,cd66e9e7-8f58-4608-830e-41501f42e16f,cd66e9e7-8f58-4608-830e-41501f42e16f
dff53866-e721-4a34-927e-9ac1d6c0d807,Răng sứ Titan / IPL,Răng / Implant,Implant,,,Răng,1500000,,,,,,,,2018-10-20 17:01:15+00,2025-08-26 02:11:35.571+00,cd66e9e7-8f58-4608-830e-41501f42e16f,cd66e9e7-8f58-4608-830e-41501f42e16f
,,,,,,,,,,,,,,,,,,
d8c42b66-4f11-4c59-a9d3-4ae01e622a6a,Răng sứ Zirconia / IPL,Răng / Implant,Implant,,,Răng,4000000,,,,,,,,2018-10-20 17:00:01+00,2025-08-26 02:15:04.29+00,cd66e9e7-8f58-4608-830e-41501f42e16f,cd66e9e7-8f58-4608-830e-41501f42e16f
13e1f252-770f-4865-a589-990fc5241ea4,Răng sứ Zirconia HT / IPL,Răng / Implant,Implant,,,Răng,6000000,,,,,,,,2018-10-20 17:00:01+00,2025-08-26 02:15:09.992+00,cd66e9e7-8f58-4608-830e-41501f42e16f,cd66e9e7-8f58-4608-830e-41501f42e16f
6bf1f3b7-79f1-45bd-8423-db3f885ebaab,Răng sứ Katana / IPL,Răng / Implant,Implant,,,Răng,0,,,,,,,,2018-10-20 17:00:01+00,2025-08-26 02:15:27.284+00,cd66e9e7-8f58-4608-830e-41501f42e16f,cd66e9e7-8f58-4608-830e-41501f42e16f
7827b712-72e1-4601-8bbd-ca13b40f0687,Răng sứ Venus / IPL,Răng / Implant,Implant,,,Răng,0,,,,,,,,2018-10-20 17:00:01+00,2025-08-26 02:15:33.148+00,cd66e9e7-8f58-4608-830e-41501f42e16f,cd66e9e7-8f58-4608-830e-41501f42e16f
c88abb59-3596-4806-b8e7-3d7b40a62e1c,Răng sứ Cercon / IPL,Răng / Implant,Implant,,,Răng,0,,,,,,,,2018-10-20 17:00:01+00,2025-08-26 02:15:39.143+00,cd66e9e7-8f58-4608-830e-41501f42e16f,cd66e9e7-8f58-4608-830e-41501f42e16f
50144809-cab4-4931-9afa-7040e9de82ae,Răng sứ Ceramill / IPL,Răng / Implant,Implant,,,Răng,1000000,,,,,,,,2018-10-20 17:00:01+00,2025-08-26 02:15:46.544+00,cd66e9e7-8f58-4608-830e-41501f42e16f,cd66e9e7-8f58-4608-830e-41501f42e16f
3f2d8d26-36e8-4c28-8d1e-f5f546286b78,Răng sứ HT Smile / IPL,Răng / Implant,Implant,,,Răng,8000000,,,,,,,,2018-10-20 17:00:01+00,2025-08-26 02:15:15.219+00,cd66e9e7-8f58-4608-830e-41501f42e16f,cd66e9e7-8f58-4608-830e-41501f42e16f
648693d8-c163-4989-ba1f-6fb80ee01f6c,Răng sứ Lava / IPL,Răng / Implant,Implant,,,Răng,10000000,,,,,,,,2018-10-20 17:00:01+00,2025-08-26 02:15:21.594+00,cd66e9e7-8f58-4608-830e-41501f42e16f,cd66e9e7-8f58-4608-830e-41501f42e16f
,,,,,,,,,,,,,,,,,,
68f9022f-7345-4236-ad37-588cb89d1383,Lỗ khoan implant trên máng định vị,,Implant,,,Lỗ,300000,,,,,,,,2018-10-20 17:02:18+00,2025-08-26 02:09:26.724+00,cd66e9e7-8f58-4608-830e-41501f42e16f,cd66e9e7-8f58-4608-830e-41501f42e16f
8c21fdd2-6889-49ac-8ae0-08ad7b5177e4,Lỗ khoan implant trên máng hướng dẫn,,Implant,,,Lỗ,500000,,,,,,,,2018-10-20 17:02:16+00,2025-08-26 02:09:21.188+00,cd66e9e7-8f58-4608-830e-41501f42e16f,cd66e9e7-8f58-4608-830e-41501f42e16f
9c5f4255-9b1e-4f31-b04d-d5d5856db610,Máng hướng dẫn phẫu thuật,,Implant,,,Máng,1500000,,,,,,,,2018-10-20 17:02:15+00,2025-08-26 02:09:14.966+00,cd66e9e7-8f58-4608-830e-41501f42e16f,cd66e9e7-8f58-4608-830e-41501f42e16f
,,,,,,,,,,,,,,,,,,
,,,,,,,,,,,,,,,,,,
,,,,,,,,,,,,,,,,,,
c9eb1473-3f2b-45a2-8fa8-9a26d6af84be,Bệnh án chỉnh nha,,,,,2 Hàm,500000,,,,,,,,2018-10-20 17:00:01+00,2018-10-20 17:00:01+00,cd66e9e7-8f58-4608-830e-41501f42e16f,cd66e9e7-8f58-4608-830e-41501f42e16f
0faaff80-c65c-4cef-8834-fbef9530983b,Bệnh án Niềng răng,Bệnh án,Chỉnh nha,,,2 Hàm,0,,,,,,,,2018-10-20 17:00:01+00,2025-08-26 02:02:06.73+00,cd66e9e7-8f58-4608-830e-41501f42e16f,cd66e9e7-8f58-4608-830e-41501f42e16f
,,,Chỉnh nha,,,,,,,,,,,,,,,
4b4e3aa6-dad1-4cc0-a6b8-c8d7a6eeebc7,Chỉnh nha mắc cài kim loại thông minh ULTIMA độ 0,Bệnh án,Chỉnh nha,,,2 Hàm,0,,,,,0,1,,2018-10-20 17:00:01+00,2025-09-09 11:13:12.673+00,cd66e9e7-8f58-4608-830e-41501f42e16f,cd66e9e7-8f58-4608-830e-41501f42e16f
a582e74f-3580-4277-9424-1c8a61fa3195,Chỉnh nha mắc cài kim loại thông minh ULTIMA độ 1,Bệnh án,Chỉnh nha,,,2 Hàm,0,,,,,0,1,,2018-10-20 17:00:01+00,2025-09-09 11:13:12.673+00,cd66e9e7-8f58-4608-830e-41501f42e16f,cd66e9e7-8f58-4608-830e-41501f42e16f
a4094d58-02f2-4d4c-a837-1b77392b2aba,Chỉnh nha mắc cài kim loại thông minh ULTIMA độ 2.1,,Chỉnh nha,,,2 Hàm,35000000,,,,,,,,2018-10-20 17:00:01+00,2025-08-26 02:00:50.516+00,cd66e9e7-8f58-4608-830e-41501f42e16f,cd66e9e7-8f58-4608-830e-41501f42e16f
ebc244c0-36d9-4c78-a28b-311bcccf2098,Chỉnh nha mắc cài kim loại thông minh ULTIMA độ 2.2,,Chỉnh nha,,,2 Hàm,40000000,,,,,,,,2018-10-20 17:00:01+00,2025-08-26 02:00:56.839+00,cd66e9e7-8f58-4608-830e-41501f42e16f,cd66e9e7-8f58-4608-830e-41501f42e16f
80b1afe7-3e83-4b8d-b784-37f5f4d5a1e6,Chỉnh nha mắc cài kim loại thông minh ULTIMA độ 2.3,,Chỉnh nha,,,2 Hàm,42000000,,,,,,,,2018-10-20 17:00:01+00,2025-08-26 02:01:02.122+00,cd66e9e7-8f58-4608-830e-41501f42e16f,cd66e9e7-8f58-4608-830e-41501f42e16f
112886e2-b25b-42b4-86a8-eec2bc1c6e5d,Chỉnh nha mắc cài kim loại thông minh ULTIMA độ 3,,Chỉnh nha,,,2 Hàm,45000000,,,,,,,,2018-10-20 17:00:01+00,2025-08-26 02:01:12.152+00,cd66e9e7-8f58-4608-830e-41501f42e16f,cd66e9e7-8f58-4608-830e-41501f42e16f
,,,,,,,,,,,,,,,,,,
bad40375-2ad6-4784-a4dc-600199f1015e,Chỉnh nha Clear Correct độ cơ bản (mini),Chỉnh nha Clear Correct,Chỉnh nha,,,2 Hàm,50000000,,,,,,,,2018-10-20 17:03:00+00,2025-08-24 04:22:14.786+00,cd66e9e7-8f58-4608-830e-41501f42e16f,cd66e9e7-8f58-4608-830e-41501f42e16f
cd819930-3451-49c2-b84b-e59c991dbf9c,Chỉnh nha Clear Correct độ 1 (One),Chỉnh nha Clear Correct,Chỉnh nha,,,2 Hàm,70000000,,,,,,,,2018-10-20 17:03:01+00,2025-08-24 04:22:55.243+00,cd66e9e7-8f58-4608-830e-41501f42e16f,cd66e9e7-8f58-4608-830e-41501f42e16f
bb2ad1d7-d22f-49e2-bd5a-34a564abd79a,Chỉnh nha Clear Correct độ 2 (Two),Chỉnh nha Clear Correct,Chỉnh nha,,,2 Hàm,90000000,,,,,,,,2018-10-22 17:03:04+00,2025-08-24 04:23:12.552+00,cd66e9e7-8f58-4608-830e-41501f42e16f,cd66e9e7-8f58-4608-830e-41501f42e16f
8f91ad5a-9e35-4331-99bc-bb5daf674428,Chỉnh nha Clear Correct độ 3 (Three),Chỉnh nha Clear Correct,Chỉnh nha,,,2 Hàm,100000000,,,,,,,,2018-10-20 17:03:02+00,2025-08-24 04:23:23.615+00,cd66e9e7-8f58-4608-830e-41501f42e16f,cd66e9e7-8f58-4608-830e-41501f42e16f
62433225-ccc8-4a75-a627-76daa7787087,Chỉnh nha Clear Correct độ 4 (Unlimited),Chỉnh nha Clear Correct,Chỉnh nha,,,2 Hàm,110000000,,,,,,,,2018-10-20 17:03:03+00,2025-08-24 04:23:35.782+00,cd66e9e7-8f58-4608-830e-41501f42e16f,cd66e9e7-8f58-4608-830e-41501f42e16f
,,,,,,,,,,,,,,,,,,
734d52ac-ab33-422a-87ca-6ff6587f9867,Clincheck Invisalign,Chỉnh nha Invisalign,Chỉnh nha,,,2 Hàm,10000000,,,,,,,,2018-10-23 17:03:04+00,2025-08-24 04:24:08.403+00,cd66e9e7-8f58-4608-830e-41501f42e16f,cd66e9e7-8f58-4608-830e-41501f42e16f
4261612b-ad3e-4516-ab85-d2d008f4f872,Chình nha Invisalign Essentinal,Chỉnh nha Invisalign,Chỉnh nha,,,2 Hàm,40000000,,,,,,,,2018-10-20 17:00:01+00,2025-08-26 02:22:45.988+00,cd66e9e7-8f58-4608-830e-41501f42e16f,cd66e9e7-8f58-4608-830e-41501f42e16f
65c03c0f-594d-48f5-b8a4-ea4a39764fb9,Chỉnh nha Invisalign First - Phase 1,Chỉnh nha Invisalign,Chỉnh nha,,,2 Hàm,0,,,,,0,1,,2018-10-20 17:00:01+00,2025-09-09 11:13:12.407+00,cd66e9e7-8f58-4608-830e-41501f42e16f,cd66e9e7-8f58-4608-830e-41501f42e16f
c697e56e-bd63-4cd1-9409-e8cb7d9b68ee,Chỉnh nha Invisalign độ 0,Chỉnh nha Invisalign,Chỉnh nha,,,2 Hàm,40000000,,,,,,,,2018-10-24 17:03:04+00,2025-08-26 01:51:03.486+00,cd66e9e7-8f58-4608-830e-41501f42e16f,cd66e9e7-8f58-4608-830e-41501f42e16f
3eed8eb5-e7dd-4692-9383-42c8465c4508,Chỉnh nha Invisalign độ 1 (Express),Chỉnh nha Invisalign,Chỉnh nha,,,2 Hàm,60000000,,,,,,,,2018-10-20 17:02:28+00,2025-08-24 04:27:46.804+00,cd66e9e7-8f58-4608-830e-41501f42e16f,cd66e9e7-8f58-4608-830e-41501f42e16f
23272047-492f-4196-b3bc-fffd484aefff,Chỉnh nha Invisalign độ 2 (Lite),Chỉnh nha Invisalign,Chỉnh nha,,,2 Hàm,80000000,,,,,,,,2018-10-20 17:02:29+00,2025-08-24 04:26:00.209+00,cd66e9e7-8f58-4608-830e-41501f42e16f,cd66e9e7-8f58-4608-830e-41501f42e16f
f5a03ef7-053c-4b10-82b9-d0e466fcefcd,Chỉnh nha Invisalign độ 3 (Moderate),Chỉnh nha Invisalign,Chỉnh nha,,,2 Hàm,80000000,,,,,,,,2018-10-20 17:02:31+00,2025-08-24 04:26:20.488+00,cd66e9e7-8f58-4608-830e-41501f42e16f,cd66e9e7-8f58-4608-830e-41501f42e16f
14eefcb4-a136-45de-a847-4faec5123008,Chỉnh nha Invisalign độ 4.1 (Comprehensive 3),Chỉnh nha Invisalign,Chỉnh nha,,,2 Hàm,100000000,,,,,,,,2018-10-20 17:02:32+00,2025-08-24 04:26:59.896+00,cd66e9e7-8f58-4608-830e-41501f42e16f,cd66e9e7-8f58-4608-830e-41501f42e16f
29b5b83a-9a5d-4847-9ff8-474006e1d645,Chỉnh nha Invisalign độ 4.2 (Comprehensive 5),Chỉnh nha Invisalign,Chỉnh nha,,,2 Hàm,120000000,,,,,,,,2018-10-20 17:02:33+00,2025-08-24 04:27:19.956+00,cd66e9e7-8f58-4608-830e-41501f42e16f,cd66e9e7-8f58-4608-830e-41501f42e16f
06624f44-2118-4236-8a74-821704c7a19b,Chỉnh nha Invisalign độ 4.3 (Comprehensive),Chỉnh nha Invisalign,Chỉnh nha,,,2 Hàm,100000000,,,,,,,,2018-10-20 17:00:01+00,2025-08-26 02:02:20.461+00,cd66e9e7-8f58-4608-830e-41501f42e16f,cd66e9e7-8f58-4608-830e-41501f42e16f
e2403eeb-d354-4c62-b86e-47db730ce8c9,Máng duy trì Vivera,Chỉnh nha Invisalign,Chỉnh nha,,,Cặp,4000000,,,,,,,,2018-10-20 17:00:01+00,2025-08-26 02:03:24.914+00,cd66e9e7-8f58-4608-830e-41501f42e16f,cd66e9e7-8f58-4608-830e-41501f42e16f
,,,,,,,,,,,,,,,,,,
34dcc89c-d962-4b47-a79c-392378d93406,Chỉnh nha mắc cài kim loại thông minh độ cơ bản,Chỉnh nha MC KL thông minh,Chỉnh nha,,,2 Hàm,28000000,,,,,,,,2018-10-22 17:02:33+00,2025-08-24 04:28:31.32+00,cd66e9e7-8f58-4608-830e-41501f42e16f,cd66e9e7-8f58-4608-830e-41501f42e16f
5262dc2a-6d2c-4c83-ab46-9f7455bd718d,Chỉnh nha mắc cài kim loại thông minh độ 1,Chỉnh nha MC KL thông minh,Chỉnh nha,,,2 Hàm,32000000,,,,,,,,2018-10-23 17:02:33+00,2025-08-24 04:37:06.376+00,cd66e9e7-8f58-4608-830e-41501f42e16f,cd66e9e7-8f58-4608-830e-41501f42e16f
506bcc84-468e-4059-81e5-76cc2b0ec6d7,Chỉnh nha mắc cài kim loại thông minh độ 2.1,Chỉnh nha MC KL thông minh,Chỉnh nha,,,2 Hàm,0,,,,,0,1,,2018-10-25 17:02:33+00,2025-09-09 11:13:12.778+00,cd66e9e7-8f58-4608-830e-41501f42e16f,cd66e9e7-8f58-4608-830e-41501f42e16f
ffdd38a1-e96b-40ff-bdca-fa0fe39c31b7,Chỉnh nha mắc cài kim loại thông minh độ 2.2,Chỉnh nha MC KL thông minh,Chỉnh nha,,,2 Hàm,37000000,,,,,,,,2018-10-21 17:02:33+00,2025-08-26 01:52:54.939+00,cd66e9e7-8f58-4608-830e-41501f42e16f,cd66e9e7-8f58-4608-830e-41501f42e16f
4652437a-6a62-4055-a912-78624827e6f3,Chỉnh nha mắc cài kim loại thông minh độ 2.3,Chỉnh nha MC KL thông minh,Chỉnh nha,,,2 Hàm,40000000,,,,,,,,2018-10-26 17:02:33+00,2025-08-26 01:53:11.688+00,cd66e9e7-8f58-4608-830e-41501f42e16f,cd66e9e7-8f58-4608-830e-41501f42e16f
aae7c081-c6c7-4ac7-98bf-17a5d17ab3b0,Chỉnh nha mắc cài kim loại thông minh độ 3,Chỉnh nha MC KL thông minh,Chỉnh nha,,,2 Hàm,0,,,,,0,1,,2018-10-20 17:02:22+00,2025-09-09 11:13:12.927+00,cd66e9e7-8f58-4608-830e-41501f42e16f,cd66e9e7-8f58-4608-830e-41501f42e16f
,,,,,,,,,,,,,,,,,,
ea356a50-4629-44ca-9e0f-d21427ad1284,Chỉnh nha mắc cài kim loại thường độ 0,Chỉnh nha MC KL thường,Chỉnh nha,,,2 Hàm,18000000,,,,,,,,2018-10-20 17:02:23+00,2025-08-27 09:44:28.817+00,cd66e9e7-8f58-4608-830e-41501f42e16f,cd66e9e7-8f58-4608-830e-41501f42e16f
ede3e71d-b7f8-43e6-a895-b501c1eecb43,Chỉnh nha mắc cài kim loại thường độ 3,Chỉnh nha MC KL thường,Chỉnh nha,,,2 Hàm,30000000,,,,,,,,2018-10-20 17:02:53+00,2025-08-26 01:51:23.187+00,cd66e9e7-8f58-4608-830e-41501f42e16f,cd66e9e7-8f58-4608-830e-41501f42e16f
151b22a3-3b59-4d71-acd5-3bfbd72af3c0,Chỉnh nha mắc cài kim loại thường độ 1,Chỉnh nha MC KL thường,Chỉnh nha,,,2 Hàm,0,,,,,0,1,,2018-10-20 17:02:25+00,2025-09-09 11:13:12.927+00,cd66e9e7-8f58-4608-830e-41501f42e16f,cd66e9e7-8f58-4608-830e-41501f42e16f
a1299def-73c5-4116-b64c-e12a835144b3,Chỉnh nha mắc cài kim loại thường độ 2.1,Chỉnh nha MC KL thường,Chỉnh nha,,,2 Hàm,0,,,,,0,1,,2018-10-20 17:02:26+00,2025-09-09 11:13:13.01+00,cd66e9e7-8f58-4608-830e-41501f42e16f,cd66e9e7-8f58-4608-830e-41501f42e16f
df49230d-c96f-4195-9b5b-cdcd008f38b9,Chỉnh nha mắc cài kim loại thường độ 2.2,Chỉnh nha MC KL thường,Chỉnh nha,,,2 Hàm,0,,,,,0,1,,2018-10-20 17:02:27+00,2025-09-09 11:13:13.103+00,cd66e9e7-8f58-4608-830e-41501f42e16f,cd66e9e7-8f58-4608-830e-41501f42e16f
806bdfa6-68e4-4984-9a15-b1c541524d45,Chỉnh nha mắc cài kim loại thường độ 2.3,Chỉnh nha MC KL thường,Chỉnh nha,,,2 Hàm,24000000,,,,,,,,2018-10-20 17:02:52+00,2025-08-26 02:16:32.839+00,cd66e9e7-8f58-4608-830e-41501f42e16f,cd66e9e7-8f58-4608-830e-41501f42e16f
fcb18272-5982-43cf-a743-7f553e6334d5,Chỉnh nha mắc cài kim loại thường độ 2.3 1 hàm,Chỉnh nha MC KL thường,Chỉnh nha,,,Từng Hàm,15000000,,,,,,,,2018-10-20 17:00:01+00,2025-08-26 02:25:05.946+00,cd66e9e7-8f58-4608-830e-41501f42e16f,cd66e9e7-8f58-4608-830e-41501f42e16f
1b267ef4-c5e4-49a8-bbb2-766ef063d42c,Mắc cài kim loại thường 1 hàm độ 3,Chỉnh nha MC KL thường,Chỉnh nha,,,Từng Hàm,10000000,,,,,,,,2018-10-20 17:00:01+00,2018-10-20 17:00:01+00,cd66e9e7-8f58-4608-830e-41501f42e16f,cd66e9e7-8f58-4608-830e-41501f42e16f
,,,,,,,,,,,,,,,,,,
fa4b1d74-174b-40d6-a9cc-b0f710f52c39,Cấy minivit chỉnh nha,Khí cụ chỉnh nha,Chỉnh nha,,,Cái,2000000,,,,,,,,2018-10-21 00:01:56+00,2025-08-24 04:17:24.384+00,cd66e9e7-8f58-4608-830e-41501f42e16f,cd66e9e7-8f58-4608-830e-41501f42e16f
0e520be8-c8b6-4302-9331-73804593a009,Hàm nong Hawley (có ốc nong),Khí cụ chỉnh nha,Chỉnh nha,,,Từng Hàm,2500000,,,,,,,,2018-10-20 17:02:04+00,2025-08-26 02:07:33.822+00,cd66e9e7-8f58-4608-830e-41501f42e16f,cd66e9e7-8f58-4608-830e-41501f42e16f
f6d548a7-c831-47d3-a2b0-824165e7566b,Hàm nong nhanh RPE,Khí cụ chỉnh nha,Chỉnh nha,,,Từng Hàm,5000000,,,,,,,,2018-10-20 17:02:05+00,2025-08-26 02:07:48.891+00,cd66e9e7-8f58-4608-830e-41501f42e16f,cd66e9e7-8f58-4608-830e-41501f42e16f
af6f9609-93c1-4fae-a0c6-a91d1c0c487c,Hàm nong Quadhelix,Khí cụ chỉnh nha,Chỉnh nha,,,Từng Hàm,3000000,,,,,,,,2018-10-20 17:02:06+00,2025-08-26 02:07:56.562+00,cd66e9e7-8f58-4608-830e-41501f42e16f,cd66e9e7-8f58-4608-830e-41501f42e16f
157ab59b-4d34-4a87-aaec-a349d1f73838,Khí cụ 2x4,Khí cụ chỉnh nha,Chỉnh nha,,,Cái,10000000,,,,,,,,2018-10-20 17:02:02+00,2025-08-24 04:16:45.514+00,cd66e9e7-8f58-4608-830e-41501f42e16f,cd66e9e7-8f58-4608-830e-41501f42e16f
697eaef8-a28b-4448-a78a-0f9ceaac3c02,Khí cụ chức năng Myobrace,Khí cụ chỉnh nha,Chỉnh nha,,,Cái,5000000,,,,,,,,2018-10-20 17:02:01+00,2025-08-26 02:07:03.855+00,cd66e9e7-8f58-4608-830e-41501f42e16f,cd66e9e7-8f58-4608-830e-41501f42e16f
f62a6203-044e-4251-8de2-833d98931111,Khí cụ chức năng thiết kế riêng,Khí cụ chỉnh nha,Chỉnh nha,,,Cái,10000000,,,,,,,,2018-10-20 17:02:00+00,2025-08-26 02:06:55.012+00,cd66e9e7-8f58-4608-830e-41501f42e16f,cd66e9e7-8f58-4608-830e-41501f42e16f
5c9b1a9b-fd2f-40ba-b14d-e94993012994,Khí cụ Facemask,Khí cụ chỉnh nha,Chỉnh nha,,,Cái,10000000,,,,,,,,2018-10-20 17:01:59+00,2025-08-26 02:06:45.917+00,cd66e9e7-8f58-4608-830e-41501f42e16f,cd66e9e7-8f58-4608-830e-41501f42e16f
14974eb7-2fa0-485e-95b5-13134113c1d4,Khí cụ Headgear,Khí cụ chỉnh nha,Chỉnh nha,,,Cái,10000000,,,,,,,,2018-10-20 17:01:58+00,2025-08-26 02:06:35.807+00,cd66e9e7-8f58-4608-830e-41501f42e16f,cd66e9e7-8f58-4608-830e-41501f42e16f
4dd6410f-fe0f-45a2-ac75-dc60bf719aa9,Khí cụ TwinBlock,Khí cụ chỉnh nha,Chỉnh nha,,,Từng Hàm,2000000,,,,,,,,2018-10-20 17:01:57+00,2025-08-26 02:06:23.347+00,cd66e9e7-8f58-4608-830e-41501f42e16f,cd66e9e7-8f58-4608-830e-41501f42e16f
,,,,,,,,,,,,,,,,,,
97d6b2ea-3de1-4faf-b4f1-5b9d8932b5d5,Chỉnh nha mắc cài mặt lưỡi hai hàm độ 0,Chỉnh nha mắc cài mặt lưỡi hai hàm,Chỉnh nha,,,2 Hàm,0,,,,,0,1,,2018-10-20 17:02:55+00,2025-09-09 11:13:13.178+00,cd66e9e7-8f58-4608-830e-41501f42e16f,cd66e9e7-8f58-4608-830e-41501f42e16f
ec1f38b3-20cb-4db8-af02-e00882ce7da2,Chỉnh nha mắc cài mặt lưỡi hai hàm độ 1,Chỉnh nha mắc cài mặt lưỡi hai hàm,Chỉnh nha,,,2 Hàm,0,,,,,0,1,,2018-10-20 17:02:56+00,2025-09-09 11:13:13.279+00,cd66e9e7-8f58-4608-830e-41501f42e16f,cd66e9e7-8f58-4608-830e-41501f42e16f
e08d3156-ae38-423f-9b83-58d40213dcda,Chỉnh nha mắc cài mặt lưỡi hai hàm độ 2.1,Chỉnh nha mắc cài mặt lưỡi hai hàm,Chỉnh nha,,,2 Hàm,0,,,,,0,1,,2018-10-20 17:02:57+00,2025-09-09 11:13:13.379+00,cd66e9e7-8f58-4608-830e-41501f42e16f,cd66e9e7-8f58-4608-830e-41501f42e16f
1d22dd01-db3f-4d4d-a262-25f306ff0ffc,Chỉnh nha mắc cài mặt lưỡi hai hàm độ 2.2,Chỉnh nha mắc cài mặt lưỡi hai hàm,Chỉnh nha,,,2 Hàm,0,,,,,0,1,,2018-10-20 17:02:46+00,2025-09-09 11:13:13.463+00,cd66e9e7-8f58-4608-830e-41501f42e16f,cd66e9e7-8f58-4608-830e-41501f42e16f
11a6102d-fc98-4b7a-a38c-8d4ac1546658,Chỉnh nha mắc cài mặt lưỡi hai hàm độ 2.3,Chỉnh nha mắc cài mặt lưỡi hai hàm,Chỉnh nha,,,2 Hàm,53000000,,,,,,,,2018-10-20 17:02:47+00,2025-08-26 02:18:37.396+00,cd66e9e7-8f58-4608-830e-41501f42e16f,cd66e9e7-8f58-4608-830e-41501f42e16f
1b368152-470f-4bc3-8052-b7804f688f82,Chỉnh nha mắc cài mặt lưỡi hai hàm độ 3,Chỉnh nha mắc cài mặt lưỡi hai hàm,Chỉnh nha,,,2 Hàm,0,,,,,0,1,,2018-10-20 17:02:49+00,2025-09-09 11:13:13.625+00,cd66e9e7-8f58-4608-830e-41501f42e16f,cd66e9e7-8f58-4608-830e-41501f42e16f
,,,,,,,,,,,,,,,,,,
19268fd7-c179-426e-8157-0a924bb9f70d,Chỉnh nha mắc cài mặt lưỡi hàm trên độ 0,Chỉnh nha mắc cài mặt lưỡi hàm trên,Chỉnh nha,,,2 Hàm,25000000,,,,,,,,2018-10-20 17:02:50+00,2025-08-26 02:18:31.624+00,cd66e9e7-8f58-4608-830e-41501f42e16f,cd66e9e7-8f58-4608-830e-41501f42e16f
498e8083-1f32-4a2a-bfc3-fd47496b4aaa,Chỉnh nha mắc cài mặt lưỡi hàm trên độ 1,Chỉnh nha mắc cài mặt lưỡi hàm trên,Chỉnh nha,,,2 Hàm,0,,,,,0,1,,2018-10-20 17:02:51+00,2025-09-09 11:13:13.625+00,cd66e9e7-8f58-4608-830e-41501f42e16f,cd66e9e7-8f58-4608-830e-41501f42e16f
29701731-5c35-4a2b-97b2-c8055ab6f8f8,Chỉnh nha mắc cài mặt lưỡi hàm trên độ 2.1,Chỉnh nha mắc cài mặt lưỡi hàm trên,Chỉnh nha,,,2 Hàm,0,,,,,0,1,,2018-10-20 17:02:40+00,2025-09-09 11:13:13.79+00,cd66e9e7-8f58-4608-830e-41501f42e16f,cd66e9e7-8f58-4608-830e-41501f42e16f
29701731-5c35-4a2b-97b2-c8055ab6f8f9,Chỉnh nha mắc cài mặt lưỡi hàm trên độ 2.2,Chỉnh nha mắc cài mặt lưỡi hàm trên,Chỉnh nha,,,2 Hàm,0,,,,,0,1,,2018-10-20 17:02:40+00,2025-09-09 11:13:13.704+00,cd66e9e7-8f58-4608-830e-41501f42e16f,cd66e9e7-8f58-4608-830e-41501f42e16f
b62f915c-3e4e-47cd-a829-177aab238c03,Chỉnh nha mắc cài mặt lưỡi hàm trên độ 2.3,Chỉnh nha mắc cài mặt lưỡi hàm trên,Chỉnh nha,,,2 Hàm,40000000,,,,,,,,2018-10-20 17:02:41+00,2025-08-26 02:18:42.721+00,cd66e9e7-8f58-4608-830e-41501f42e16f,cd66e9e7-8f58-4608-830e-41501f42e16f
e9a77203-9953-4bea-a543-ed90764534bd,Chỉnh nha mắc cài mặt lưỡi hàm trên độ 3,Chỉnh nha mắc cài mặt lưỡi hàm trên,Chỉnh nha,,,2 Hàm,0,,,,,0,1,,2018-10-20 17:02:43+00,2025-09-09 11:13:13.99+00,cd66e9e7-8f58-4608-830e-41501f42e16f,cd66e9e7-8f58-4608-830e-41501f42e16f
,,,,,,,,,,,,,,,,,,
4a91d2e6-ce2b-46c7-80d3-830ffd79c191,Chỉnh nha mắc cài sứ thông minh độ 0,Chỉnh nha mắc cài sứ thông minh,Chỉnh nha,,,2 Hàm,0,,,,,0,1,,2018-10-20 17:02:44+00,2025-09-09 11:13:13.901+00,cd66e9e7-8f58-4608-830e-41501f42e16f,cd66e9e7-8f58-4608-830e-41501f42e16f
37c302d2-6e9e-4c80-a058-c4eba8f36a8f,Chỉnh nha mắc cài sứ thông minh độ 1,Chỉnh nha mắc cài sứ thông minh,Chỉnh nha,,,2 Hàm,0,,,,,0,1,,2018-10-20 17:02:45+00,2025-09-09 11:13:14.075+00,cd66e9e7-8f58-4608-830e-41501f42e16f,cd66e9e7-8f58-4608-830e-41501f42e16f
d9bcfe6e-7fb3-4860-ada3-e9d5a01237e6,Chỉnh nha mắc cài sứ thông minh độ 2.1,Chỉnh nha mắc cài sứ thông minh,Chỉnh nha,,,2 Hàm,50000000,,,,,,,,2018-10-20 17:02:34+00,2025-08-26 02:18:48.262+00,cd66e9e7-8f58-4608-830e-41501f42e16f,cd66e9e7-8f58-4608-830e-41501f42e16f
84b02cca-c282-49de-bb84-5efd7825e0a1,Chỉnh nha mắc cài sứ thông minh độ 2.2,Chỉnh nha mắc cài sứ thông minh,Chỉnh nha,,,2 Hàm,0,,,,,0,1,,2018-10-20 17:02:35+00,2025-09-09 11:13:14.16+00,cd66e9e7-8f58-4608-830e-41501f42e16f,cd66e9e7-8f58-4608-830e-41501f42e16f
37c26e61-b35f-44fe-b4b6-4f895253b0ec,Chỉnh nha mắc cài sứ thông minh độ 2.3,Chỉnh nha mắc cài sứ thông minh,Chỉnh nha,,,2 Hàm,55000000,,,,,,,,2018-10-20 17:02:37+00,2025-08-26 02:18:02.216+00,cd66e9e7-8f58-4608-830e-41501f42e16f,cd66e9e7-8f58-4608-830e-41501f42e16f
0dcbb524-487f-4e86-ab92-19793cdf78cc,Chỉnh nha mắc cài sứ thông minh độ 3,Chỉnh nha mắc cài sứ thông minh,Chỉnh nha,,,2 Hàm,0,,,,,0,1,,2018-10-20 17:02:38+00,2025-09-09 11:13:14.293+00,cd66e9e7-8f58-4608-830e-41501f42e16f,cd66e9e7-8f58-4608-830e-41501f42e16f
,,,,,,,,,,,,,,,,,,
07ba52d3-fb24-4b43-9e90-754a2d482f3f,Chỉnh nha mắc cài sứ thường độ 0,Chỉnh nha mắc cài sứ thường,Chỉnh nha,,,2 Hàm,20000000,,,,,,,,2018-10-20 17:02:39+00,2025-08-26 02:18:54.278+00,cd66e9e7-8f58-4608-830e-41501f42e16f,cd66e9e7-8f58-4608-830e-41501f42e16f
ba8a8dfe-4f26-462e-bc3f-a50574472b2f,Chỉnh nha mắc cài sứ thường độ 1,Chỉnh nha mắc cài sứ thường,Chỉnh nha,,,2 Hàm,24000000,,,,,,,,2018-10-20 17:03:11+00,2025-08-26 02:18:06.626+00,cd66e9e7-8f58-4608-830e-41501f42e16f,cd66e9e7-8f58-4608-830e-41501f42e16f
04bcd594-27e8-4548-9237-79f02d67c8bd,Chỉnh nha mắc cài sứ thường độ 2.1,Chỉnh nha mắc cài sứ thường,Chỉnh nha,,,2 Hàm,30000000,,,,,,,,2018-10-20 17:03:12+00,2025-08-26 02:18:11.452+00,cd66e9e7-8f58-4608-830e-41501f42e16f,cd66e9e7-8f58-4608-830e-41501f42e16f
d022b20b-c947-4f29-9a3b-705081a9a864,Chỉnh nha mắc cài sứ thường độ 2.2,Chỉnh nha mắc cài sứ thường,Chỉnh nha,,,2 Hàm,36000000,,,,,,,,2018-10-20 17:03:13+00,2025-08-26 02:18:16.132+00,cd66e9e7-8f58-4608-830e-41501f42e16f,cd66e9e7-8f58-4608-830e-41501f42e16f
e75df66b-f9b5-41a0-98fe-2436dc928bf7,Chỉnh nha mắc cài sứ thường độ 2.3,Chỉnh nha mắc cài sứ thường,Chỉnh nha,,,2 Hàm,0,,,,,,,,2018-10-20 17:03:14+00,2025-08-26 02:18:20.843+00,cd66e9e7-8f58-4608-830e-41501f42e16f,cd66e9e7-8f58-4608-830e-41501f42e16f
6ec64bc6-50cb-425f-8aa9-a0bd469a5a2b,Chỉnh nha mắc cài sứ thường độ 3,Chỉnh nha mắc cài sứ thường,Chỉnh nha,,,2 Hàm,38000000,,,,,,,,2018-10-20 17:03:15+00,2025-08-26 02:18:25.709+00,cd66e9e7-8f58-4608-830e-41501f42e16f,cd66e9e7-8f58-4608-830e-41501f42e16f
,,,,,,,,,,,,,,,,,,
8eaeed80-34b0-4656-af76-ab9c34a5c62c,Chỉnh nha tạo khoảng cho IPL 1 nửa hàm,,Chỉnh nha,,,Từng Hàm,5000000,,,,,,,,2018-10-20 17:03:04+00,2025-08-26 01:52:26.1+00,cd66e9e7-8f58-4608-830e-41501f42e16f,cd66e9e7-8f58-4608-830e-41501f42e16f
29d13104-a86b-4cd9-be4e-b1199297c3b1,Hàm duy trì Clear Correct,,Chỉnh nha,,,Cặp,3000000,,,,,,,,2018-10-20 17:00:01+00,2025-08-26 02:22:26.475+00,cd66e9e7-8f58-4608-830e-41501f42e16f,cd66e9e7-8f58-4608-830e-41501f42e16f
1e29370b-5cc3-450c-a343-df021961f28d,Khí cụ Trainer,,Chỉnh nha,,,Răng,0,,,,,,,,2018-10-20 17:00:01+00,2025-08-26 02:24:41.13+00,cd66e9e7-8f58-4608-830e-41501f42e16f,cd66e9e7-8f58-4608-830e-41501f42e16f
2d2ec9f1-11c3-474c-a8fd-2cf72d7ee37d,Máng duy trì chỉnh nha,,Chỉnh nha,,,Cặp,500000,,,,,,,,2018-10-20 17:02:03+00,2025-08-26 02:07:22.677+00,cd66e9e7-8f58-4608-830e-41501f42e16f,cd66e9e7-8f58-4608-830e-41501f42e16f
029f7888-ee95-4af1-b264-5ebfcad9b8d2,Mắc cài sứ độ 3,,Chỉnh nha,,,Răng,5000000,,,,,,,,2018-10-20 17:00:01+00,2025-08-26 02:24:32.717+00,cd66e9e7-8f58-4608-830e-41501f42e16f,cd66e9e7-8f58-4608-830e-41501f42e16f
ec70ac2d-d94d-4ce5-909a-08b83110fc64,Hàm duy trì hawley,,,,,Từng Hàm,500000,,,,,,,,2018-10-20 17:00:01+00,2018-10-20 17:00:01+00,cd66e9e7-8f58-4608-830e-41501f42e16f,cd66e9e7-8f58-4608-830e-41501f42e16f
,,,,,,,,,,,,,,,,,,
36645d64-e051-48db-9d0c-705ae9e134a3,Bàn chải chỉnh nha CURAPROX,,Sản phẩm,,,Cái,105000,,,,,,,,2018-10-20 17:00:01+00,2018-10-20 17:00:01+00,cd66e9e7-8f58-4608-830e-41501f42e16f,cd66e9e7-8f58-4608-830e-41501f42e16f
ccbbf048-3762-44e3-a33e-878461725876,Bàn chải điện UK,,Sản phẩm,,,Máy,200000,,,,,,,,2018-10-20 17:00:01+00,2018-10-20 17:00:01+00,cd66e9e7-8f58-4608-830e-41501f42e16f,cd66e9e7-8f58-4608-830e-41501f42e16f
bc2883a6-a5d2-4828-8148-3fc77b1f0614,Bàn chải kẽ chỉnh nha CURAPROX,,Sản phẩm,,,Cái,39000,,,,,,,,2018-10-20 17:00:01+00,2018-10-20 17:00:01+00,cd66e9e7-8f58-4608-830e-41501f42e16f,cd66e9e7-8f58-4608-830e-41501f42e16f
ef0d9501-2187-4708-9a47-5edcbc9b3e72,Bàn chải kẽ chỉnh nha ORTHOSUN,,Sản phẩm,,,Gói,50000,,,,,,,,2018-10-20 17:00:01+00,2018-10-20 17:00:01+00,cd66e9e7-8f58-4608-830e-41501f42e16f,cd66e9e7-8f58-4608-830e-41501f42e16f
c015d676-7369-4f38-864b-aeb0d2a6215e,Bàn chải kẽ implant CURAPROX,,Sản phẩm,,,Cái,40000,,,,,,,,2018-10-20 17:00:01+00,2018-10-20 17:00:01+00,cd66e9e7-8f58-4608-830e-41501f42e16f,cd66e9e7-8f58-4608-830e-41501f42e16f
87afa8db-a49e-4c78-9e94-271dae2dacb5,Bàn chải máy người lớn ORAL-B,,Sản phẩm,,,Cái,1000000,,,,,,,,2018-10-20 17:00:01+00,2018-10-20 17:00:01+00,cd66e9e7-8f58-4608-830e-41501f42e16f,cd66e9e7-8f58-4608-830e-41501f42e16f
b0da6bb0-f9ea-4bd6-8465-975864cac23c,Bàn chải máy người lớn PROCARE,,Sản phẩm,,,Đơn Vị Khác,0,,,,,,,,2018-10-20 17:00:01+00,2018-10-20 17:00:01+00,cd66e9e7-8f58-4608-830e-41501f42e16f,cd66e9e7-8f58-4608-830e-41501f42e16f
6dc3492c-ac1d-4678-adf4-058dffa30e1f,Bàn chải máy người lớn WATSONS,,Sản phẩm,,,Cái,600000,,,,,,,,2018-10-20 17:00:01+00,2018-10-20 17:00:01+00,cd66e9e7-8f58-4608-830e-41501f42e16f,cd66e9e7-8f58-4608-830e-41501f42e16f
fe081bc0-fb0d-440a-b7ff-2f43dee37794,Bàn chải máy trẻ em PROCARE,,Sản phẩm,,,Cái,300000,,,,,,,,2018-10-20 17:00:01+00,2018-10-20 17:00:01+00,cd66e9e7-8f58-4608-830e-41501f42e16f,cd66e9e7-8f58-4608-830e-41501f42e16f
3da6e185-cadf-4453-86d0-70b3fe9a00ae,Bàn chải thường người lớn bộ ba CURAPROX,,Sản phẩm,,,Bộ,260000,,,,,,,,2018-10-20 17:00:01+00,2018-10-20 17:00:01+00,cd66e9e7-8f58-4608-830e-41501f42e16f,cd66e9e7-8f58-4608-830e-41501f42e16f
bc7e2dbe-d5ae-4d43-89aa-f5338e830f25,Bàn chải thường người lớn Single CURAPROX,,Sản phẩm,,,Cái,105000,,,,,,,,2018-10-20 17:00:01+00,2018-10-20 17:00:01+00,cd66e9e7-8f58-4608-830e-41501f42e16f,cd66e9e7-8f58-4608-830e-41501f42e16f
b468638c-4b4b-4bfc-a991-a6f88660fb8c,Bàn chải thường người lớn Ultra soft CURAPROX,,Sản phẩm,,,Cái,105000,,,,,,,,2018-10-20 17:00:01+00,2018-10-20 17:00:01+00,cd66e9e7-8f58-4608-830e-41501f42e16f,cd66e9e7-8f58-4608-830e-41501f42e16f
8441a8f6-da23-4f62-bf58-a1ffe78a1bd7,Bàn chải thường trẻ em Curakid CURAPROX,,Sản phẩm,,,Cái,105000,,,,,,,,2018-10-20 17:00:01+00,2018-10-20 17:00:01+00,cd66e9e7-8f58-4608-830e-41501f42e16f,cd66e9e7-8f58-4608-830e-41501f42e16f
ac4b9c5c-7680-497c-adfd-2f87005d0461,Bàn chải thường trẻ em Smart CURAPROX,,Sản phẩm,,,Cái,105000,,,,,,,,2018-10-20 17:00:01+00,2018-10-20 17:00:01+00,cd66e9e7-8f58-4608-830e-41501f42e16f,cd66e9e7-8f58-4608-830e-41501f42e16f
2fd42d31-0a2c-4fff-995d-0d4bdc40c99d,Bàn chải trẻ em Curaprox Kids ultra Soft,,Sản phẩm,,,Cái,105000,,,,,,,,2018-10-20 17:00:01+00,2018-10-20 17:00:01+00,cd66e9e7-8f58-4608-830e-41501f42e16f,cd66e9e7-8f58-4608-830e-41501f42e16f
c1ab80b5-961f-4683-ab44-5c5803a41a5c,Bộ Kít chỉnh nha (Trung Quốc),,Sản phẩm,,,Bộ,250000,,,,,,,,2018-10-20 17:00:01+00,2018-10-20 17:00:01+00,cd66e9e7-8f58-4608-830e-41501f42e16f,cd66e9e7-8f58-4608-830e-41501f42e16f
fc894303-989d-4898-b18f-dd45bb53f5a1,Bộ Kit chỉnh nha CURAPROX,,Sản phẩm,,,Bộ,350000,,,,,,,,2018-10-20 17:00:01+00,2018-10-20 17:00:01+00,cd66e9e7-8f58-4608-830e-41501f42e16f,cd66e9e7-8f58-4608-830e-41501f42e16f
e1fef429-5b81-49af-bc6f-94ae13f4aa6c,Bộ Kit chỉnh nha CURAPROX (không sáp),,Sản phẩm,,,Bộ,300000,,,,,,,,2018-10-20 17:00:01+00,2018-10-20 17:00:01+00,cd66e9e7-8f58-4608-830e-41501f42e16f,cd66e9e7-8f58-4608-830e-41501f42e16f
18ef6c69-34e0-47b6-b975-25014f7bfb80,Bộ Kit chỉnh nha không sáp CURAPROX,,Sản phẩm,,,Bộ,450000,,,,,,,,2018-10-20 17:00:01+00,2018-10-20 17:00:01+00,cd66e9e7-8f58-4608-830e-41501f42e16f,cd66e9e7-8f58-4608-830e-41501f42e16f
355c6f49-b7c9-488d-bf99-7409ec8ae436,Calcium và Vitamin D3 (Mỹ),,Sản phẩm,,,Hộp,350000,,,,,,,,2018-10-20 17:00:01+00,2018-10-20 17:00:01+00,cd66e9e7-8f58-4608-830e-41501f42e16f,cd66e9e7-8f58-4608-830e-41501f42e16f
ae44f189-983f-4d51-9fb7-8204f52df5ab,Chỉ tơ nha khoa CURAPROX,,Sản phẩm,,,Hộp,110000,,,,,,,,2018-10-20 17:00:01+00,2018-10-20 17:00:01+00,cd66e9e7-8f58-4608-830e-41501f42e16f,cd66e9e7-8f58-4608-830e-41501f42e16f
881494dc-a042-42d9-9e1f-31f0ad9dd0d1,Chỉ tơ nha khoa ORAL-B,,Sản phẩm,,,Hộp,110000,,,,,,,,2018-10-20 17:00:01+00,2018-10-20 17:00:01+00,cd66e9e7-8f58-4608-830e-41501f42e16f,cd66e9e7-8f58-4608-830e-41501f42e16f
c53c4708-e4d7-499b-b6b9-cfd0ef4c051a,Đầu bàn chải máy người lớn WATSONS,,Sản phẩm,,,Cái,150000,,,,,,,,2018-10-20 17:00:01+00,2018-10-20 17:00:01+00,cd66e9e7-8f58-4608-830e-41501f42e16f,cd66e9e7-8f58-4608-830e-41501f42e16f
714bc304-71a7-4698-a6ae-f1517a26833b,Gấu bông Capypara,,Sản phẩm,,,Cái,150000,,,,,,,,2018-10-20 17:00:01+00,2018-10-20 17:00:01+00,cd66e9e7-8f58-4608-830e-41501f42e16f,cd66e9e7-8f58-4608-830e-41501f42e16f
d91843cc-ce11-42ec-a5d3-c7a75ce51c40,Gel bôi chống ê buốt Sensi KIN,,Sản phẩm,,,Tuýp,150000,,,,,,,,2018-10-20 17:00:01+00,2018-10-20 17:00:01+00,cd66e9e7-8f58-4608-830e-41501f42e16f,cd66e9e7-8f58-4608-830e-41501f42e16f
a824ae10-d326-47fe-979c-f2d67ed3e3f3,Gel bôi nhiệt miệng và sát khuẩn lợi Perio KIN,,Sản phẩm,,,Tuýp,150000,,,,,,,,2018-10-20 17:00:01+00,2018-10-20 17:00:01+00,cd66e9e7-8f58-4608-830e-41501f42e16f,cd66e9e7-8f58-4608-830e-41501f42e16f
53f6dcfd-87b1-4b45-b6c1-c62a81775a92,Hộp túi mù Labubu,,Sản phẩm,,,Hộp,200000,,,,,,,,2018-10-20 17:00:01+00,2018-10-20 17:00:01+00,cd66e9e7-8f58-4608-830e-41501f42e16f,cd66e9e7-8f58-4608-830e-41501f42e16f
2780cdb9-4876-4556-904b-3b093ebe14a9,Kem đánh răng chống ê buốt Sensi KIN,,Sản phẩm,,,Tuýp,150000,,,,,,,,2018-10-20 17:00:01+00,2018-10-20 17:00:01+00,cd66e9e7-8f58-4608-830e-41501f42e16f,cd66e9e7-8f58-4608-830e-41501f42e16f
5975dfef-0fc8-4f63-b2bf-32fd401f8334,Kem đánh răng Curasept CURAPROX,,Sản phẩm,,,Tuýp,180000,,,,,,,,2018-10-20 17:00:01+00,2018-10-20 17:00:01+00,cd66e9e7-8f58-4608-830e-41501f42e16f,cd66e9e7-8f58-4608-830e-41501f42e16f
8ce73e05-f7b2-43b9-8978-f0dfb40be9e5,Kem đánh răng Enzycal CURAPROX,,Sản phẩm,,,Tuýp,165000,,,,,,,,2018-10-20 17:00:01+00,2018-10-20 17:00:01+00,cd66e9e7-8f58-4608-830e-41501f42e16f,cd66e9e7-8f58-4608-830e-41501f42e16f
ebdc126c-6ce8-44e3-b790-d29d1ff9ed76,Kem đánh răng Kin B5 Toothpaste 125ml,,Sản phẩm,,,Tuýp,200000,,,,,,,,2018-10-20 17:00:01+00,2018-10-20 17:00:01+00,cd66e9e7-8f58-4608-830e-41501f42e16f,cd66e9e7-8f58-4608-830e-41501f42e16f
4c7207e7-79af-474a-81b5-787eb9ead700,Kem đánh răng Ortho KIN,,Sản phẩm,,,Tuýp,150000,,,,,,,,2018-10-20 17:00:01+00,2018-10-20 17:00:01+00,cd66e9e7-8f58-4608-830e-41501f42e16f,cd66e9e7-8f58-4608-830e-41501f42e16f
57ad363b-2590-41b6-bae7-f98eff20f1bc,Kem đánh răng trẻ em Baby ROCS,,Sản phẩm,,,Tuýp,150000,,,,,,,,2018-10-20 17:00:01+00,2018-10-20 17:00:01+00,cd66e9e7-8f58-4608-830e-41501f42e16f,cd66e9e7-8f58-4608-830e-41501f42e16f
686187ba-8c36-445c-b5b8-2dd39bdfbc47,Kem đánh răng trẻ em JACK N'JILL,,Sản phẩm,,,Tuýp,165000,,,,,,,,2018-10-20 17:00:01+00,2018-10-20 17:00:01+00,cd66e9e7-8f58-4608-830e-41501f42e16f,cd66e9e7-8f58-4608-830e-41501f42e16f
c1cbfaa2-4608-4467-b4ee-0e42dcfa4925,Kem đánh răng trẻ em Kids ROCS,,Sản phẩm,,,Tuýp,130000,,,,,,,,2018-10-20 17:00:01+00,2018-10-20 17:00:01+00,cd66e9e7-8f58-4608-830e-41501f42e16f,cd66e9e7-8f58-4608-830e-41501f42e16f
9284724f-b4de-42d1-b5e0-3e750fe55c23,Kem đánh răng Whitening YOTUEL,,Sản phẩm,,,Tuýp,280000,,,,,,,,2018-10-20 17:00:01+00,2018-10-20 17:00:01+00,cd66e9e7-8f58-4608-830e-41501f42e16f,cd66e9e7-8f58-4608-830e-41501f42e16f
03c6e12d-2401-4cf7-9933-eba40f10eaba,Máy đo đường huyết Sinocare Safe - Accu,,Sản phẩm,,,Máy,300000,,,,,,,,2018-10-20 17:00:01+00,2018-10-20 17:00:01+00,cd66e9e7-8f58-4608-830e-41501f42e16f,cd66e9e7-8f58-4608-830e-41501f42e16f
ccea439b-e689-40e0-b9a8-58dee913b677,Máy đo huyết áp,,Sản phẩm,,,Đơn Vị Khác,0,,,,,,,,2018-10-20 17:00:01+00,2018-10-20 17:00:01+00,cd66e9e7-8f58-4608-830e-41501f42e16f,cd66e9e7-8f58-4608-830e-41501f42e16f
c58e0d9a-7bb5-4123-9a35-d5b9664baa21,Máy đo huyết áp Wavecare B01A,,Sản phẩm,,,Máy,400000,,,,,,,,2018-10-20 17:00:01+00,2018-10-20 17:00:01+00,cd66e9e7-8f58-4608-830e-41501f42e16f,cd66e9e7-8f58-4608-830e-41501f42e16f
e104fe62-9746-4490-b2af-c55608d7da37,Máy tăm nước cá nhân PROCARE,,Sản phẩm,,,Cái,1600000,,,,,,,,2018-10-20 17:00:01+00,2018-10-20 17:00:01+00,cd66e9e7-8f58-4608-830e-41501f42e16f,cd66e9e7-8f58-4608-830e-41501f42e16f
8040623f-62f1-497f-93f4-5b85398bde48,Máy tăm nước cá nhân WATERPULSE,,Sản phẩm,,,Cái,1600000,,,,,,,,2018-10-20 17:00:01+00,2018-10-20 17:00:01+00,cd66e9e7-8f58-4608-830e-41501f42e16f,cd66e9e7-8f58-4608-830e-41501f42e16f
a51e3318-28be-444b-8647-ce3a2e0478e9,Máy tăm nước gia đình WATERPULSE,,Sản phẩm,,,Đơn Vị Khác,0,,,,,,,,2018-10-20 17:00:01+00,2018-10-20 17:00:01+00,cd66e9e7-8f58-4608-830e-41501f42e16f,cd66e9e7-8f58-4608-830e-41501f42e16f
8cf666ea-5f86-473f-9968-d0ffae9643b9,Máy Tăm Nước Iris,,Sản phẩm,,,Cái,1200000,,,,,,,,2018-10-20 17:00:01+00,2018-10-20 17:00:01+00,cd66e9e7-8f58-4608-830e-41501f42e16f,cd66e9e7-8f58-4608-830e-41501f42e16f
140f335e-6b4a-4ae0-97a4-54be4185ce50,Máy tăm nước KONKA,,Sản phẩm,,,Cái,500000,,,,,,,,2018-10-20 17:00:01+00,2018-10-20 17:00:01+00,cd66e9e7-8f58-4608-830e-41501f42e16f,cd66e9e7-8f58-4608-830e-41501f42e16f
ae8f2ef2-2f01-4d6f-a6c3-0f62405d56ed,Máy tăm nước ORALPICK,,Sản phẩm,,,Máy,1000000,,,,,,,,2018-10-20 17:00:01+00,2018-10-20 17:00:01+00,cd66e9e7-8f58-4608-830e-41501f42e16f,cd66e9e7-8f58-4608-830e-41501f42e16f
899859e1-f845-499f-878b-dc002fc3f65d,Máy tăm nước RAPIDO Water Flosser RWB-300,,Sản phẩm,,,Máy,1350000,,,,,,,,2018-10-20 17:00:01+00,2018-10-20 17:00:01+00,cd66e9e7-8f58-4608-830e-41501f42e16f,cd66e9e7-8f58-4608-830e-41501f42e16f
632680cb-a393-4997-871c-19b46e4017fe,Máy tăm nước Vanlu,,Sản phẩm,,,Máy,600000,,,,,,,,2018-10-20 17:00:01+00,2018-10-20 17:00:01+00,cd66e9e7-8f58-4608-830e-41501f42e16f,cd66e9e7-8f58-4608-830e-41501f42e16f
d975f923-a3a6-4fce-9e20-03b85fd41a5a,Miếng dán chỉnh nha (Mỹ),,Sản phẩm,,,Miếng,20000,,,,,,,,2018-10-20 17:00:01+00,2018-10-20 17:00:01+00,cd66e9e7-8f58-4608-830e-41501f42e16f,cd66e9e7-8f58-4608-830e-41501f42e16f
5f2231db-7921-4d6d-bc39-0b757da1aa2b,Mũ bảo hiểm DR DEE,,Sản phẩm,,,Cái,100000,,,,,,,,2018-10-20 17:00:01+00,2018-10-20 17:00:01+00,cd66e9e7-8f58-4608-830e-41501f42e16f,cd66e9e7-8f58-4608-830e-41501f42e16f
3617ff0e-a3f3-4131-94d7-1f29c69bf6c7,Nến thơm Giáng sinh,,Sản phẩm,,,Cái,100000,,,,,,,,2018-10-20 17:00:01+00,2018-10-20 17:00:01+00,cd66e9e7-8f58-4608-830e-41501f42e16f,cd66e9e7-8f58-4608-830e-41501f42e16f
3a2beeb2-6d9a-4a79-8fd9-21ea2112e322,Nước súc miệng chống ê buổi Sensi KIN 250ml,,Sản phẩm,,,Lọ,200000,,,,,,,,2018-10-20 17:00:01+00,2018-10-20 17:00:01+00,cd66e9e7-8f58-4608-830e-41501f42e16f,cd66e9e7-8f58-4608-830e-41501f42e16f
c63e9d37-b4df-4c8e-b5d9-91421b24bee7,Nước súc miệng HMU Chlorhexidine 0.12%,,Sản phẩm,,,Lọ,155000,,,,,,,,2018-10-20 17:00:01+00,2018-10-20 17:00:01+00,cd66e9e7-8f58-4608-830e-41501f42e16f,cd66e9e7-8f58-4608-830e-41501f42e16f
b18a7320-549e-4be5-9105-691b72edbf6e,Nước súc miệng KIN B5 500ml,,Sản phẩm,,,Chai,280000,,,,,,,,2018-10-20 17:00:01+00,2018-10-20 17:00:01+00,cd66e9e7-8f58-4608-830e-41501f42e16f,cd66e9e7-8f58-4608-830e-41501f42e16f
e7d7bdf7-144c-4f00-a770-0a01ae2c4550,Nước súc miệng KIN Gingival 250ml,,Sản phẩm,,,Lọ,150000,,,,,,,,2018-10-20 17:00:01+00,2018-10-20 17:00:01+00,cd66e9e7-8f58-4608-830e-41501f42e16f,cd66e9e7-8f58-4608-830e-41501f42e16f
17fc6c72-4dca-4a85-a296-3249fbbb4f80,Nước súc miệng Ortho KIN 250ml,,Sản phẩm,,,Lọ,200000,,,,,,,,2018-10-20 17:00:01+00,2018-10-20 17:00:01+00,cd66e9e7-8f58-4608-830e-41501f42e16f,cd66e9e7-8f58-4608-830e-41501f42e16f
819f9d16-2c83-40ba-8189-4d260c9dd76a,Sáp chỉnh nha 3M,,Sản phẩm,,,Hộp,50000,,,,,,,,2018-10-20 17:00:01+00,2018-10-20 17:00:01+00,cd66e9e7-8f58-4608-830e-41501f42e16f,cd66e9e7-8f58-4608-830e-41501f42e16f
e14544d4-060f-4b66-af84-0b9fba78380b,Sáp chỉnh nha CURAPROX,,Sản phẩm,,,Hộp,125000,,,,,,,,2018-10-20 17:00:01+00,2018-10-20 17:00:01+00,cd66e9e7-8f58-4608-830e-41501f42e16f,cd66e9e7-8f58-4608-830e-41501f42e16f
487987e6-a0dd-47b1-b07f-0e001caa16bf,Set kem dánh răng và bàn chải Be You CURAPROX,,Sản phẩm,,,Bộ,450000,,,,,,,,2018-10-20 17:00:01+00,2018-10-20 17:00:01+00,cd66e9e7-8f58-4608-830e-41501f42e16f,cd66e9e7-8f58-4608-830e-41501f42e16f
166b203a-7cda-4c25-ba44-7aecd38373b9,Tất Giáng sinh,,Sản phẩm,,,Bộ,20000,,,,,,,,2018-10-20 17:00:01+00,2018-10-20 17:00:01+00,cd66e9e7-8f58-4608-830e-41501f42e16f,cd66e9e7-8f58-4608-830e-41501f42e16f
03084f11-d5df-404f-868f-92d5b7818a1b,Thuốc bôi viêm lợi sindolor,,Sản phẩm,,,Lọ,50000,,,,,,,,2018-10-20 17:00:01+00,2018-10-20 17:00:01+00,cd66e9e7-8f58-4608-830e-41501f42e16f,cd66e9e7-8f58-4608-830e-41501f42e16f
8e0b257b-c712-4e68-9968-97a07da1e58e,Thuốc tẩy trắng răng tại nhà,,Sản phẩm,,,Đơn Vị Khác,0,,,,,,,,2018-10-20 17:00:01+00,2018-10-20 17:00:01+00,cd66e9e7-8f58-4608-830e-41501f42e16f,cd66e9e7-8f58-4608-830e-41501f42e16f
5d3e8a87-1ad9-4f81-81cd-8581c600bdf2,Viên làm sạch hàm giả FITTYDENT,,Sản phẩm,,,Viên,7500,,,,,,,,2018-10-20 17:00:01+00,2018-10-20 17:00:01+00,cd66e9e7-8f58-4608-830e-41501f42e16f,cd66e9e7-8f58-4608-830e-41501f42e16f
4ceaf398-bc8e-473e-bf24-08cf17201afc,Hàm giữ khoảng 1 bên,Hàm giữ khoảng,,,,Từng Hàm,1500000,,,,,,,,2018-10-20 17:02:07+00,2025-08-26 02:08:07.153+00,cd66e9e7-8f58-4608-830e-41501f42e16f,cd66e9e7-8f58-4608-830e-41501f42e16f
b739eb16-7f4b-48cb-8e7c-7bb57958e809,Hàm giữ khoảng 2 bên,Hàm giữ khoảng,,,,Từng Hàm,2000000,,,,,,,,2018-10-20 17:02:08+00,2025-08-26 02:08:14.622+00,cd66e9e7-8f58-4608-830e-41501f42e16f,cd66e9e7-8f58-4608-830e-41501f42e16f
a35365cb-a183-4d05-ad53-6e8930d48956,Bôi vecni Fluor 2 hàm ngừa sâu răng,,,,,Răng,500000,,,,,,,,2018-10-20 17:00:03+00,2018-10-20 17:00:03+00,cd66e9e7-8f58-4608-830e-41501f42e16f,cd66e9e7-8f58-4608-830e-41501f42e16f
c09bd6ff-27b0-4899-8e91-928c17b86c80,bôi verniflour,,,,,Nguyên 2 Hàm,500000,,,,,,,,2018-10-20 17:00:01+00,2018-10-20 17:00:01+00,cd66e9e7-8f58-4608-830e-41501f42e16f,cd66e9e7-8f58-4608-830e-41501f42e16f
f2fc4de2-44b0-44e1-97e9-325dab24df29,Chụp thép,,,,,Răng,500000,,,,,,,,2018-10-20 17:00:01+00,2018-10-20 17:00:01+00,cd66e9e7-8f58-4608-830e-41501f42e16f,cd66e9e7-8f58-4608-830e-41501f42e16f
1a126df6-78fc-4a46-8d81-750eba6d63ae,chụp thép răng sữa,,,,,Răng,0,,,,,,,,2018-10-20 17:00:01+00,2018-10-20 17:00:01+00,cd66e9e7-8f58-4608-830e-41501f42e16f,cd66e9e7-8f58-4608-830e-41501f42e16f
5ddc5a5b-3f2c-45aa-934b-e485c938834f,Gắn lại răng,,,,,Răng,150000,,,,,,,,2018-10-20 17:01:31+00,2018-10-20 17:01:31+00,cd66e9e7-8f58-4608-830e-41501f42e16f,cd66e9e7-8f58-4608-830e-41501f42e16f
8e354a7b-3d5a-4b64-b4d9-19171618b3b0,Hàm in 3D,,,,,Từng Hàm,200000,,,,,,,,2018-10-20 17:00:01+00,2018-10-20 17:00:01+00,cd66e9e7-8f58-4608-830e-41501f42e16f,cd66e9e7-8f58-4608-830e-41501f42e16f
d542b040-5559-4637-8241-56cd5a2c2e06,KHÁC,,,,,Răng,10000,,,,,,,,2018-10-20 17:00:01+00,2018-10-20 17:00:01+00,cd66e9e7-8f58-4608-830e-41501f42e16f,cd66e9e7-8f58-4608-830e-41501f42e16f
807569d9-dfc2-46d3-b004-5c8b53da7e8e,"Khớp nối Abutmen kim loại, chế tạo sẵn",,,,,Đơn Vị Khác,0,,,,,,,,2018-10-20 17:00:01+00,2018-10-20 17:00:01+00,cd66e9e7-8f58-4608-830e-41501f42e16f,cd66e9e7-8f58-4608-830e-41501f42e16f
4105abb1-ebee-400e-b1cf-9f6204f6ed79,Mài chỉnh,,,,,Răng,10000,,,,,,,,2018-10-20 17:00:01+00,2018-10-20 17:00:01+00,cd66e9e7-8f58-4608-830e-41501f42e16f,cd66e9e7-8f58-4608-830e-41501f42e16f
3b2e811c-6a8c-4f98-ada6-b95e8fcb0de6,Máng định vị phẫu thuật,,,,,Máng,500000,,,,,,,,2018-10-20 17:02:17+00,2018-10-20 17:02:17+00,cd66e9e7-8f58-4608-830e-41501f42e16f,cd66e9e7-8f58-4608-830e-41501f42e16f
4688ef88-4b52-4b9c-831c-4f143be46262,Máng giãn cơ,,,,,Đơn Vị Khác,1000000,,,,,,,,2018-10-20 17:02:14+00,2018-10-20 17:02:14+00,cd66e9e7-8f58-4608-830e-41501f42e16f,cd66e9e7-8f58-4608-830e-41501f42e16f
26aaf08f-befa-463e-a895-c5342df269ef,Vít kết nối,,,,,Đơn Vị Khác,0,,,,,,,,2018-10-20 17:00:01+00,2018-10-20 17:00:01+00,cd66e9e7-8f58-4608-830e-41501f42e16f,cd66e9e7-8f58-4608-830e-41501f42e16f